{
  "dataset": "/home/iat/Documents/Subie_Master/_Shared/data/ad/bdd_yolo_splits",
  "split": "test_internal",
  "all": {
    "AP_50_95": 0.3896152567603987,
    "AP_50": 0.6760100811014903,
    "AP_75": 0.3872789960794041,
    "AR_1": 0.14191293588703935,
    "AR_10": 0.4163884746940512,
    "AR_100": 0.48099071055265985
  },
  "per_class": {
    "car": {
      "AP_50_95": 0.5067497459317597,
      "AP_50": 0.8085333819409766,
      "AP_75": 0.512555088547055,
      "AR_1": 0.08163953754953657,
      "AR_10": 0.461929715389906,
      "AR_100": 0.5637998231421741
    },
    "pedestrian": {
      "AP_50_95": 0.34946141817686804,
      "AP_50": 0.6635372271298798,
      "AP_75": 0.32253232529656994,
      "AR_1": 0.13270686504829027,
      "AR_10": 0.38723570869224744,
      "AR_100": 0.4574001566170713
    },
    "cyclist": {
      "AP_50_95": 0.3126346061725684,
      "AP_50": 0.5559596342336147,
      "AP_75": 0.32674957439458735,
      "AR_1": 0.21139240506329116,
      "AR_10": 0.4,
      "AR_100": 0.4217721518987341
    }
  }
}