{
  "all": {
    "AP_50_95": 0.06811116126416121,
    "AP_50": 0.1615218965813483,
    "AP_75": 0.047184875568762094,
    "AR_1": 0.02023903154412335,
    "AR_10": 0.0775791204949499,
    "AR_100": 0.10481239341725904
  },
  "per_class": {
    "car": {
      "AP_50_95": 0.10823498718144935,
      "AP_50": 0.22256168542993082,
      "AP_75": 0.09448893120968234
    },
    "pedestrian": {
      "AP_50_95": 0.07234928356401944,
      "AP_50": 0.1935435786050947,
      "AP_75": 0.03956130319273885
    },
    "cyclist": {
      "AP_50_95": 0.023749213047014817,
      "AP_50": 0.06846042570901939,
      "AP_75": 0.00750439230386508
    }
  }
}