{
  "all": {
    "AP_50_95": 0.06655079498476556,
    "AP_50": 0.15755488977656432,
    "AP_75": 0.04840667922596909,
    "AR_1": 0.020012449393340452,
    "AR_10": 0.07584322073549887,
    "AR_100": 0.10281528822899969
  },
  "per_class": {
    "car": {
      "AP_50_95": 0.1063793035792735,
      "AP_50": 0.2163088197265284,
      "AP_75": 0.09649405467832298
    },
    "pedestrian": {
      "AP_50_95": 0.07089200254758532,
      "AP_50": 0.19151043529572045,
      "AP_75": 0.040438386483338806
    },
    "cyclist": {
      "AP_50_95": 0.022381078827437853,
      "AP_50": 0.06484541430744416,
      "AP_75": 0.00828759651624552
    }
  }
}