{
  "all": {
    "AP_50_95": 0.06773821823504249,
    "AP_50": 0.15953173874647378,
    "AP_75": 0.05018905398588835,
    "AR_1": 0.020088297820698535,
    "AR_10": 0.07501006952935407,
    "AR_100": 0.10225895264830538
  },
  "per_class": {
    "car": {
      "AP_50_95": 0.10613817201760957,
      "AP_50": 0.21701855583728763,
      "AP_75": 0.09622110057690458
    },
    "pedestrian": {
      "AP_50_95": 0.07285918905868319,
      "AP_50": 0.1951700389797041,
      "AP_75": 0.040765148114070233
    },
    "cyclist": {
      "AP_50_95": 0.024217293628834693,
      "AP_50": 0.06640662142242966,
      "AP_75": 0.013580913266690225
    }
  }
}