{
  "dataset": "/home/iat/Documents/Subie_Master/IS/_Shared/data/is/synthetic_yolo_splits",
  "split": "test_internal",
  "all": {
    "AP_50_95": 0.5403480645038261,
    "AP_50": 0.7080756905008153,
    "AP_75": 0.6574639064611633,
    "AR_1": 0.10060030143207478,
    "AR_10": 0.5732915238472082,
    "AR_100": 0.6411380257871646
  },
  "per_class": {
    "hex": {
      "AP_50_95": 0.692025722515404,
      "AP_50": 0.9111753438534287,
      "AP_75": 0.8795435873415173,
      "AR_1": 0.10553359683794465,
      "AR_10": 0.6482213438735178,
      "AR_100": 0.7407114624505928
    },
    "hex_socket": {
      "AP_50_95": 0.7344485824224621,
      "AP_50": 0.9110963434430293,
      "AP_75": 0.8613228565143598,
      "AR_1": 0.1150537634408602,
      "AR_10": 0.6913978494623656,
      "AR_100": 0.7817204301075269
    },
    "phillips": {
      "AP_50_95": 0.2888514723052872,
      "AP_50": 0.4288295951209254,
      "AP_75": 0.3324791631042141,
      "AR_1": 0.07732793522267206,
      "AR_10": 0.374089068825911,
      "AR_100": 0.45506072874493925
    },
    "pozidriv": {
      "AP_50_95": 0.36297424458788363,
      "AP_50": 0.46293441222863774,
      "AP_75": 0.44939218066268144,
      "AR_1": 0.08295454545454545,
      "AR_10": 0.4914772727272728,
      "AR_100": 0.5301136363636363
    },
    "slotted": {
      "AP_50_95": 0.5983244260364559,
      "AP_50": 0.780187307506759,
      "AP_75": 0.7338243398394186,
      "AR_1": 0.12432432432432435,
      "AR_10": 0.6740540540540542,
      "AR_100": 0.7086486486486487
    },
    "torx": {
      "AP_50_95": 0.5654639391554632,
      "AP_50": 0.7542311408521123,
      "AP_75": 0.6882213113047889,
      "AR_1": 0.09840764331210192,
      "AR_10": 0.5605095541401274,
      "AR_100": 0.6305732484076434
    }
  }
}