{
  "dataset": "/home/iat/Documents/Subie_Master/_Shared/data/ad/synthia_yolo_splits",
  "split": "test",
  "all": {
    "AP_50_95": 0.3624569462446676,
    "AP_50": 0.5636759967982315,
    "AP_75": 0.36862488008125105,
    "AR_1": 0.04682865110370247,
    "AR_10": 0.262539827188914,
    "AR_100": 0.3932322118319243
  },
  "per_class": {
    "car": {
      "AP_50_95": 0.46685739805678483,
      "AP_50": 0.6667632598895099,
      "AP_75": 0.48579499649856445,
      "AR_1": 0.07827974775147317,
      "AR_10": 0.40127158068851443,
      "AR_100": 0.49971053447741137
    },
    "pedestrian": {
      "AP_50_95": 0.30103247447112863,
      "AP_50": 0.5137561185376102,
      "AP_75": 0.29301144436304777,
      "AR_1": 0.01290874876604146,
      "AR_10": 0.11053646347482726,
      "AR_100": 0.3321569595261599
    },
    "cyclist": {
      "AP_50_95": 0.3194809662060894,
      "AP_50": 0.5105086119675745,
      "AP_75": 0.3270681993821409,
      "AR_1": 0.049297456793592806,
      "AR_10": 0.2758114374034003,
      "AR_100": 0.3478291414922018
    }
  }
}