{
  "dataset": "/home/iat/Documents/Subie_Master/_Shared/data/ad/bdd_yolo_splits",
  "split": "test_internal",
  "all": {
    "AP_50_95": 0.30526616761905645,
    "AP_50": 0.5646912898516594,
    "AP_75": 0.27958696809911804,
    "AR_1": 0.11595184891610583,
    "AR_10": 0.3485951570649971,
    "AR_100": 0.41100416438204895
  },
  "per_class": {
    "car": {
      "AP_50_95": 0.442441999345553,
      "AP_50": 0.7382015933715608,
      "AP_75": 0.43590525067101304,
      "AR_1": 0.07814495791438772,
      "AR_10": 0.4136639046277798,
      "AR_100": 0.5092883110077621
    },
    "pedestrian": {
      "AP_50_95": 0.2786095602967101,
      "AP_50": 0.5707373012011218,
      "AP_75": 0.22854037393910678,
      "AR_1": 0.11224223440355,
      "AR_10": 0.327564604541895,
      "AR_100": 0.3984077264421822
    },
    "cyclist": {
      "AP_50_95": 0.1947469432149063,
      "AP_50": 0.3851349749822956,
      "AP_75": 0.17431527968723423,
      "AR_1": 0.15746835443037974,
      "AR_10": 0.30455696202531646,
      "AR_100": 0.32531645569620254
    }
  }
}