{
  "dataset": "/home/iat/Documents/Subie_Master/_Shared/data/ad/synthia_yolo_splits",
  "split": "test",
  "all": {
    "AP_50_95": 0.36223663740073,
    "AP_50": 0.5646966130265896,
    "AP_75": 0.36746869824830736,
    "AR_1": 0.04683588381551908,
    "AR_10": 0.26220389667640165,
    "AR_100": 0.3928027763130895
  },
  "per_class": {
    "car": {
      "AP_50_95": 0.46645748773208556,
      "AP_50": 0.6660331702423651,
      "AP_75": 0.4851438672777539,
      "AR_1": 0.07851752300217099,
      "AR_10": 0.40194355422309525,
      "AR_100": 0.49813915021193
    },
    "pedestrian": {
      "AP_50_95": 0.3012015959450813,
      "AP_50": 0.5138964772073826,
      "AP_75": 0.2929112563169301,
      "AR_1": 0.01289640918065153,
      "AR_10": 0.11052875123395856,
      "AR_100": 0.33218009624876604
    },
    "cyclist": {
      "AP_50_95": 0.319050828525023,
      "AP_50": 0.5141601916300211,
      "AP_75": 0.3243509711502381,
      "AR_1": 0.04909371926373472,
      "AR_10": 0.2741393845721512,
      "AR_100": 0.3480890824785724
    }
  }
}