{
  "all": {
    "AP_50_95": 0.004761108542191442,
    "AP_50": 0.018270359644660117,
    "AP_75": 0.0019437973209085616,
    "AR_1": 0.01169811320754717,
    "AR_10": 0.02886792452830189,
    "AR_100": 0.02905660377358491
  },
  "per_class": {
    "hex": {
      "AP_50_95": -1.0,
      "AP_50": -1.0,
      "AP_75": -1.0
    },
    "hex_socket": {
      "AP_50_95": -1.0,
      "AP_50": -1.0,
      "AP_75": -1.0
    },
    "phillips": {
      "AP_50_95": 0.009522217084382884,
      "AP_50": 0.036540719289320234,
      "AP_75": 0.003887594641817123
    },
    "pozidriv": {
      "AP_50_95": -1.0,
      "AP_50": -1.0,
      "AP_75": -1.0
    },
    "slotted": {
      "AP_50_95": 0.0,
      "AP_50": 0.0,
      "AP_75": 0.0
    },
    "torx": {
      "AP_50_95": -1.0,
      "AP_50": -1.0,
      "AP_75": -1.0
    }
  }
}