{
  "all": {
    "AP_50_95": 0.007920058913504377,
    "AP_50": 0.02187389078381865,
    "AP_75": 0.0038905877929565104,
    "AR_1": 0.013962264150943395,
    "AR_10": 0.03509433962264151,
    "AR_100": 0.03584905660377359
  },
  "per_class": {
    "hex": {
      "AP_50_95": -1.0,
      "AP_50": -1.0,
      "AP_75": -1.0
    },
    "hex_socket": {
      "AP_50_95": -1.0,
      "AP_50": -1.0,
      "AP_75": -1.0
    },
    "phillips": {
      "AP_50_95": 0.015840117827008754,
      "AP_50": 0.0437477815676373,
      "AP_75": 0.0077811755859130225
    },
    "pozidriv": {
      "AP_50_95": -1.0,
      "AP_50": -1.0,
      "AP_75": -1.0
    },
    "slotted": {
      "AP_50_95": 0.0,
      "AP_50": 0.0,
      "AP_75": 0.0
    },
    "torx": {
      "AP_50_95": -1.0,
      "AP_50": -1.0,
      "AP_75": -1.0
    }
  }
}