{
  "all": {
    "AP_50_95": 0.0065183841991095165,
    "AP_50": 0.023198601583017862,
    "AP_75": 0.0016895072211473418,
    "AR_1": 0.01169811320754717,
    "AR_10": 0.027924528301886797,
    "AR_100": 0.028301886792452834
  },
  "per_class": {
    "hex": {
      "AP_50_95": -1.0,
      "AP_50": -1.0,
      "AP_75": -1.0
    },
    "hex_socket": {
      "AP_50_95": -1.0,
      "AP_50": -1.0,
      "AP_75": -1.0
    },
    "phillips": {
      "AP_50_95": 0.013036768398219033,
      "AP_50": 0.046397203166035725,
      "AP_75": 0.003379014442294683
    },
    "pozidriv": {
      "AP_50_95": -1.0,
      "AP_50": -1.0,
      "AP_75": -1.0
    },
    "slotted": {
      "AP_50_95": 0.0,
      "AP_50": 0.0,
      "AP_75": 0.0
    },
    "torx": {
      "AP_50_95": -1.0,
      "AP_50": -1.0,
      "AP_75": -1.0
    }
  }
}