{
  "dataset": "/home/iat/Documents/Subie_Master/_Shared/data/ad/bdd_yolo_splits",
  "split": "test_internal",
  "all": {
    "AP_50_95": 0.2798818205076748,
    "AP_50": 0.5195210811821823,
    "AP_75": 0.25973564172063596,
    "AR_1": 0.10406670693716216,
    "AR_10": 0.3211481524184819,
    "AR_100": 0.3802961964414466
  },
  "per_class": {
    "car": {
      "AP_50_95": 0.4226717951498662,
      "AP_50": 0.7115835944018996,
      "AP_75": 0.4147280733980534,
      "AR_1": 0.07777159139291914,
      "AR_10": 0.3984999836242754,
      "AR_100": 0.49205122326662953
    },
    "pedestrian": {
      "AP_50_95": 0.25972874601332785,
      "AP_50": 0.5366219322573474,
      "AP_75": 0.21697887648023342,
      "AR_1": 0.10582093448185854,
      "AR_10": 0.3095014356564865,
      "AR_100": 0.38073610023492566
    },
    "cyclist": {
      "AP_50_95": 0.15724492035983018,
      "AP_50": 0.31035771688729996,
      "AP_75": 0.14749997528362108,
      "AR_1": 0.12860759493670884,
      "AR_10": 0.25544303797468354,
      "AR_100": 0.26810126582278476
    }
  }
}