{
  "dataset": "/home/iat/Documents/Subie_Master/_Shared/data/ad/synthia_yolo_splits",
  "split": "test",
  "all": {
    "AP_50_95": 0.36273140994567554,
    "AP_50": 0.5620634340172987,
    "AP_75": 0.36946742008706934,
    "AR_1": 0.046812790999776664,
    "AR_10": 0.26260516873132944,
    "AR_100": 0.39372882434911094
  },
  "per_class": {
    "car": {
      "AP_50_95": 0.46800133594665927,
      "AP_50": 0.6672213842755027,
      "AP_75": 0.4873754418015136,
      "AR_1": 0.07832109996898586,
      "AR_10": 0.4017678072986664,
      "AR_100": 0.5004238602295048
    },
    "pedestrian": {
      "AP_50_95": 0.3008399467095638,
      "AP_50": 0.509382644714121,
      "AP_75": 0.2935105278041926,
      "AR_1": 0.012904121421520236,
      "AR_10": 0.11057348223099706,
      "AR_100": 0.33185155478775913
    },
    "cyclist": {
      "AP_50_95": 0.3193529471808035,
      "AP_50": 0.5095862730622728,
      "AP_75": 0.32751629065550186,
      "AR_1": 0.049213151608823946,
      "AR_10": 0.27547421666432487,
      "AR_100": 0.34891105803006883
    }
  }
}