{
  "dataset": "/home/iat/Documents/Subie_Master/_Shared/data/ad/bdd_yolo_splits",
  "split": "test_internal",
  "all": {
    "AP_50_95": 0.2793650522467736,
    "AP_50": 0.5178912096870993,
    "AP_75": 0.2576485473916959,
    "AR_1": 0.10831730964511481,
    "AR_10": 0.3266645945274432,
    "AR_100": 0.3899869285834159
  },
  "per_class": {
    "car": {
      "AP_50_95": 0.42304551129750134,
      "AP_50": 0.7120485673681298,
      "AP_75": 0.41555192481289693,
      "AR_1": 0.07729342023384535,
      "AR_10": 0.39868011659515934,
      "AR_100": 0.49286018406314486
    },
    "pedestrian": {
      "AP_50_95": 0.25706110003707555,
      "AP_50": 0.5376503381645077,
      "AP_75": 0.20428519142942203,
      "AR_1": 0.10715217958757503,
      "AR_10": 0.3066301226833725,
      "AR_100": 0.38191072826938144
    },
    "cyclist": {
      "AP_50_95": 0.15798854540574403,
      "AP_50": 0.3039747235286602,
      "AP_75": 0.15310852593276864,
      "AR_1": 0.14050632911392408,
      "AR_10": 0.2746835443037975,
      "AR_100": 0.2951898734177215
    }
  }
}