{
  "dataset": "/home/iat/Documents/Subie_Master/IS/_Shared/data/is/real_yolo_splits",
  "split": "test_internal",
  "all": {
    "AP_50_95": 0.05025782133086636,
    "AP_50": 0.07004670862858046,
    "AP_75": 0.055785653795167006,
    "AR_1": 0.023773584905660377,
    "AR_10": 0.05886792452830188,
    "AR_100": 0.0630188679245283
  },
  "per_class": {
    "hex": {
      "AP_50_95": -1.0,
      "AP_50": -1.0,
      "AP_75": -1.0,
      "AR_1": -1.0,
      "AR_10": -1.0,
      "AR_100": -1.0
    },
    "hex_socket": {
      "AP_50_95": -1.0,
      "AP_50": -1.0,
      "AP_75": -1.0,
      "AR_1": -1.0,
      "AR_10": -1.0,
      "AR_100": -1.0
    },
    "phillips": {
      "AP_50_95": 0.10051564266173273,
      "AP_50": 0.14009341725716096,
      "AP_75": 0.11157130759033401,
      "AR_1": 0.047547169811320754,
      "AR_10": 0.11773584905660377,
      "AR_100": 0.1260377358490566
    },
    "pozidriv": {
      "AP_50_95": -1.0,
      "AP_50": -1.0,
      "AP_75": -1.0,
      "AR_1": -1.0,
      "AR_10": -1.0,
      "AR_100": -1.0
    },
    "slotted": {
      "AP_50_95": 0.0,
      "AP_50": 0.0,
      "AP_75": 0.0,
      "AR_1": 0.0,
      "AR_10": 0.0,
      "AR_100": 0.0
    },
    "torx": {
      "AP_50_95": -1.0,
      "AP_50": -1.0,
      "AP_75": -1.0,
      "AR_1": -1.0,
      "AR_10": -1.0,
      "AR_100": -1.0
    }
  }
}