{
  "dataset": "/home/iat/Documents/Subie_Master/_Shared/data/ad/bdd_yolo_splits",
  "split": "test_internal",
  "all": {
    "AP_50_95": 0.27984925784593107,
    "AP_50": 0.5164332607169497,
    "AP_75": 0.25209410264819543,
    "AR_1": 0.10639749788250161,
    "AR_10": 0.32411394006280597,
    "AR_100": 0.3847783023705785
  },
  "per_class": {
    "car": {
      "AP_50_95": 0.4229662821705117,
      "AP_50": 0.7111791107838619,
      "AP_75": 0.4165761812057422,
      "AR_1": 0.07754233124815774,
      "AR_10": 0.3995152785510759,
      "AR_100": 0.4920905250057316
    },
    "pedestrian": {
      "AP_50_95": 0.25755524136274827,
      "AP_50": 0.531219914386049,
      "AP_75": 0.21444409379437013,
      "AR_1": 0.10519446619681545,
      "AR_10": 0.309788566953798,
      "AR_100": 0.3787000783085357
    },
    "cyclist": {
      "AP_50_95": 0.15902625000453335,
      "AP_50": 0.3069007569809381,
      "AP_75": 0.12526203294447402,
      "AR_1": 0.13645569620253165,
      "AR_10": 0.26303797468354434,
      "AR_100": 0.28354430379746837
    }
  }
}