{
  "model": "/home/iat/Documents/Subie_Master/One-Stage/Real/project/runs_ad/E1_yolov8m_real_seed3/weights/best.pt",
  "imgsz": 640,
  "device": "cuda",
  "datasets": [
    {
      "name": "internal",
      "paths": {
        "gt": "/home/iat/Documents/Subie_Master/One-Stage/Real/project/metrics/E1_seed3_yolov8m_eval/internal/gt_test_internal.json",
        "preds": "/home/iat/Documents/Subie_Master/One-Stage/Real/project/metrics/E1_seed3_yolov8m_eval/internal/preds_test_internal.json",
        "metrics": "/home/iat/Documents/Subie_Master/One-Stage/Real/project/metrics/E1_seed3_yolov8m_eval/internal/metrics.json"
      },
      "results": {
        "dataset": "/home/iat/Documents/Subie_Master/_Shared/data/ad/bdd_yolo_splits",
        "split": "test_internal",
        "all": {
          "AP_50_95": 0.3877296945629223,
          "AP_50": 0.6739881504942037,
          "AP_75": 0.3799561819497043,
          "AR_1": 0.14152510031004412,
          "AR_10": 0.41601772512428836,
          "AR_100": 0.48190694803372097
        },
        "per_class": {
          "car": {
            "AP_50_95": 0.5070557533194402,
            "AP_50": 0.8083264827779847,
            "AP_75": 0.5141896131221094,
            "AR_1": 0.08168211443356369,
            "AR_10": 0.46163167720171616,
            "AR_100": 0.564726689155995
          },
          "pedestrian": {
            "AP_50_95": 0.3483537011486312,
            "AP_50": 0.6687198040844453,
            "AP_75": 0.3195747022408098,
            "AR_1": 0.1304881232054294,
            "AR_10": 0.38794048551292093,
            "AR_100": 0.45820934481858516
          },
          "cyclist": {
            "AP_50_95": 0.30777962922069557,
            "AP_50": 0.5449181646201811,
            "AP_75": 0.30610423048619373,
            "AR_1": 0.21240506329113926,
            "AR_10": 0.39848101265822783,
            "AR_100": 0.4227848101265822
          }
        }
      }
    }
  ]
}