{
  "dataset": "/home/iat/Documents/Subie_Master/IS/_Shared/data/is/real_yolo_splits",
  "split": "test_internal",
  "all": {
    "AP_50_95": 0.011044342677415941,
    "AP_50": 0.026893419498641356,
    "AP_75": 0.005927786254440966,
    "AR_1": 0.013207547169811321,
    "AR_10": 0.027358490566037737,
    "AR_100": 0.027358490566037737
  },
  "per_class": {
    "hex": {
      "AP_50_95": -1.0,
      "AP_50": -1.0,
      "AP_75": -1.0,
      "AR_1": -1.0,
      "AR_10": -1.0,
      "AR_100": -1.0
    },
    "hex_socket": {
      "AP_50_95": -1.0,
      "AP_50": -1.0,
      "AP_75": -1.0,
      "AR_1": -1.0,
      "AR_10": -1.0,
      "AR_100": -1.0
    },
    "phillips": {
      "AP_50_95": 0.022088685354831883,
      "AP_50": 0.05378683899728271,
      "AP_75": 0.011855572508881931,
      "AR_1": 0.026415094339622643,
      "AR_10": 0.05471698113207547,
      "AR_100": 0.05471698113207547
    },
    "pozidriv": {
      "AP_50_95": -1.0,
      "AP_50": -1.0,
      "AP_75": -1.0,
      "AR_1": -1.0,
      "AR_10": -1.0,
      "AR_100": -1.0
    },
    "slotted": {
      "AP_50_95": 0.0,
      "AP_50": 0.0,
      "AP_75": 0.0,
      "AR_1": 0.0,
      "AR_10": 0.0,
      "AR_100": 0.0
    },
    "torx": {
      "AP_50_95": -1.0,
      "AP_50": -1.0,
      "AP_75": -1.0,
      "AR_1": -1.0,
      "AR_10": -1.0,
      "AR_100": -1.0
    }
  }
}