{
  "dataset": "/home/iat/Documents/Subie_Master/IS/_Shared/data/is/synthetic_yolo_splits",
  "split": "test_internal",
  "all": {
    "AP_50_95": 0.5163171920509253,
    "AP_50": 0.6786101733546451,
    "AP_75": 0.6361721453100427,
    "AR_1": 0.10217359685582196,
    "AR_10": 0.5590906444183056,
    "AR_100": 0.6222579792084344
  },
  "per_class": {
    "hex": {
      "AP_50_95": 0.626649612930317,
      "AP_50": 0.803207535856443,
      "AP_75": 0.7986266443608393,
      "AR_1": 0.10197628458498023,
      "AR_10": 0.5861660079051383,
      "AR_100": 0.6675889328063241
    },
    "hex_socket": {
      "AP_50_95": 0.7498727676331982,
      "AP_50": 0.9450896185998605,
      "AP_75": 0.9058745450532729,
      "AR_1": 0.11236559139784945,
      "AR_10": 0.6994623655913978,
      "AR_100": 0.7973118279569894
    },
    "phillips": {
      "AP_50_95": 0.30814923340639416,
      "AP_50": 0.4489753999506089,
      "AP_75": 0.36164008081026067,
      "AR_1": 0.09959514170040486,
      "AR_10": 0.49838056680161946,
      "AR_100": 0.5821862348178138
    },
    "pozidriv": {
      "AP_50_95": 0.3010821675395088,
      "AP_50": 0.40007281408927464,
      "AP_75": 0.37904813249073077,
      "AR_1": 0.0784090909090909,
      "AR_10": 0.40738636363636366,
      "AR_100": 0.43125
    },
    "slotted": {
      "AP_50_95": 0.5566796806084172,
      "AP_50": 0.7266483151209809,
      "AP_75": 0.6889787466386056,
      "AR_1": 0.12324324324324328,
      "AR_10": 0.6227027027027028,
      "AR_100": 0.6475675675675676
    },
    "torx": {
      "AP_50_95": 0.5554696901877161,
      "AP_50": 0.7476673565107029,
      "AP_75": 0.6828647225065477,
      "AR_1": 0.09745222929936306,
      "AR_10": 0.5404458598726115,
      "AR_100": 0.6076433121019108
    }
  }
}