{
  "dataset": "/home/iat/Documents/Subie_Master/_Shared/data/ad/bdd_yolo_splits",
  "split": "test_internal",
  "all": {
    "AP_50_95": 0.37256490830382605,
    "AP_50": 0.6545858988469353,
    "AP_75": 0.3606974407794703,
    "AR_1": 0.1367167370734954,
    "AR_10": 0.40369677689617245,
    "AR_100": 0.46788897012339264
  },
  "per_class": {
    "car": {
      "AP_50_95": 0.4868213026361336,
      "AP_50": 0.7841352089025978,
      "AP_75": 0.49063571697858877,
      "AR_1": 0.08077162414436838,
      "AR_10": 0.44672976779222473,
      "AR_100": 0.5468083712704287
    },
    "pedestrian": {
      "AP_50_95": 0.33527587691142513,
      "AP_50": 0.6511877138745749,
      "AP_75": 0.302007271860616,
      "AR_1": 0.12811276429130775,
      "AR_10": 0.37499347428869745,
      "AR_100": 0.44698512137823015
    },
    "cyclist": {
      "AP_50_95": 0.29559754536391925,
      "AP_50": 0.5284347737636331,
      "AP_75": 0.289449333499206,
      "AR_1": 0.20126582278481014,
      "AR_10": 0.389367088607595,
      "AR_100": 0.40987341772151903
    }
  }
}