{
  "all": {
    "AP_50_95": 0.18732566417832558,
    "AP_50": 0.3483890217713415,
    "AP_75": 0.16810848658446176,
    "AR_1": 0.07306136797278219,
    "AR_10": 0.3627958925925897,
    "AR_100": 0.38988235911952274
  },
  "per_class": {
    "hex": {
      "AP_50_95": 0.3440929553942722,
      "AP_50": 0.705163390260417,
      "AP_75": 0.24287522839064055
    },
    "hex_socket": {
      "AP_50_95": 0.18095680868210076,
      "AP_50": 0.295491510846292,
      "AP_75": 0.2168167897040152
    },
    "phillips": {
      "AP_50_95": 0.1987292638358809,
      "AP_50": 0.39834708274195696,
      "AP_75": 0.14586374640854363
    },
    "pozidriv": {
      "AP_50_95": 0.02385664844671136,
      "AP_50": 0.0395601171816011,
      "AP_75": 0.02610760232988373
    },
    "slotted": {
      "AP_50_95": 0.3201577108571182,
      "AP_50": 0.5572064456708764,
      "AP_75": 0.320535542053569
    },
    "torx": {
      "AP_50_95": 0.056160597853870196,
      "AP_50": 0.09456558392690564,
      "AP_75": 0.056452010620118516
    }
  }
}