{
  "all": {
    "AP_50_95": 0.035089272382885804,
    "AP_50": 0.05368908217141234,
    "AP_75": 0.04388884163904965,
    "AR_1": 0.02188679245283019,
    "AR_10": 0.06320754716981132,
    "AR_100": 0.06735849056603774
  },
  "per_class": {
    "hex": {
      "AP_50_95": -1.0,
      "AP_50": -1.0,
      "AP_75": -1.0
    },
    "hex_socket": {
      "AP_50_95": -1.0,
      "AP_50": -1.0,
      "AP_75": -1.0
    },
    "phillips": {
      "AP_50_95": 0.07017854476577161,
      "AP_50": 0.10737816434282468,
      "AP_75": 0.0877776832780993
    },
    "pozidriv": {
      "AP_50_95": -1.0,
      "AP_50": -1.0,
      "AP_75": -1.0
    },
    "slotted": {
      "AP_50_95": 0.0,
      "AP_50": 0.0,
      "AP_75": 0.0
    },
    "torx": {
      "AP_50_95": -1.0,
      "AP_50": -1.0,
      "AP_75": -1.0
    }
  }
}