{
  "all": {
    "AP_50_95": 0.023801912434364088,
    "AP_50": 0.04251492883012118,
    "AP_75": 0.028107786273967574,
    "AR_1": 0.021132075471698115,
    "AR_10": 0.057547169811320756,
    "AR_100": 0.06000000000000001
  },
  "per_class": {
    "hex": {
      "AP_50_95": -1.0,
      "AP_50": -1.0,
      "AP_75": -1.0
    },
    "hex_socket": {
      "AP_50_95": -1.0,
      "AP_50": -1.0,
      "AP_75": -1.0
    },
    "phillips": {
      "AP_50_95": 0.047603824868728176,
      "AP_50": 0.08502985766024236,
      "AP_75": 0.05621557254793515
    },
    "pozidriv": {
      "AP_50_95": -1.0,
      "AP_50": -1.0,
      "AP_75": -1.0
    },
    "slotted": {
      "AP_50_95": 0.0,
      "AP_50": 0.0,
      "AP_75": 0.0
    },
    "torx": {
      "AP_50_95": -1.0,
      "AP_50": -1.0,
      "AP_75": -1.0
    }
  }
}