{
  "all": {
    "AP_50_95": 0.029977706740403252,
    "AP_50": 0.05482688612625005,
    "AP_75": 0.027170354962637616,
    "AR_1": 0.019245283018867926,
    "AR_10": 0.05660377358490566,
    "AR_100": 0.05773584905660377
  },
  "per_class": {
    "hex": {
      "AP_50_95": -1.0,
      "AP_50": -1.0,
      "AP_75": -1.0
    },
    "hex_socket": {
      "AP_50_95": -1.0,
      "AP_50": -1.0,
      "AP_75": -1.0
    },
    "phillips": {
      "AP_50_95": 0.059955413480806505,
      "AP_50": 0.10965377225250009,
      "AP_75": 0.05434070992527523
    },
    "pozidriv": {
      "AP_50_95": -1.0,
      "AP_50": -1.0,
      "AP_75": -1.0
    },
    "slotted": {
      "AP_50_95": 0.0,
      "AP_50": 0.0,
      "AP_75": 0.0
    },
    "torx": {
      "AP_50_95": -1.0,
      "AP_50": -1.0,
      "AP_75": -1.0
    }
  }
}