{
  "all": {
    "AP_50_95": 0.16424622383887896,
    "AP_50": 0.2927468252929758,
    "AP_75": 0.1682287740931901,
    "AR_1": 0.07556719662073592,
    "AR_10": 0.34445407380166626,
    "AR_100": 0.3725087803460753
  },
  "per_class": {
    "hex": {
      "AP_50_95": 0.3418101414785859,
      "AP_50": 0.6524606298388143,
      "AP_75": 0.3347057744469427
    },
    "hex_socket": {
      "AP_50_95": 0.0678659146242359,
      "AP_50": 0.12204101263326333,
      "AP_75": 0.07076968621712927
    },
    "phillips": {
      "AP_50_95": 0.1732598744600662,
      "AP_50": 0.34068735063097033,
      "AP_75": 0.1257013254344207
    },
    "pozidriv": {
      "AP_50_95": 0.029865947749863512,
      "AP_50": 0.054213806796189264,
      "AP_75": 0.033740639432833584
    },
    "slotted": {
      "AP_50_95": 0.3217427239350243,
      "AP_50": 0.5022057503540343,
      "AP_75": 0.3900289055696017
    },
    "torx": {
      "AP_50_95": 0.0509327407854978,
      "AP_50": 0.08487240150458324,
      "AP_75": 0.05442631345821269
    }
  }
}