{
  "all": {
    "AP_50_95": 0.2950535740811201,
    "AP_50": 0.49875697446599276,
    "AP_75": 0.33149353971342504,
    "AR_1": 0.08161174554677429,
    "AR_10": 0.46732343861655373,
    "AR_100": 0.5074820557764366
  },
  "per_class": {
    "hex": {
      "AP_50_95": 0.5011407174052356,
      "AP_50": 0.9162299777215753,
      "AP_75": 0.49642850738396593
    },
    "hex_socket": {
      "AP_50_95": 0.23841122851941782,
      "AP_50": 0.4180505957350093,
      "AP_75": 0.2516168494896754
    },
    "phillips": {
      "AP_50_95": 0.283146085535097,
      "AP_50": 0.49593590252418535,
      "AP_75": 0.2871124441627183
    },
    "pozidriv": {
      "AP_50_95": 0.08141012308738797,
      "AP_50": 0.1331678272502485,
      "AP_75": 0.08934841135640069
    },
    "slotted": {
      "AP_50_95": 0.516480068422746,
      "AP_50": 0.7915012577792989,
      "AP_75": 0.6840911790938697
    },
    "torx": {
      "AP_50_95": 0.1497332215168365,
      "AP_50": 0.23765628578563955,
      "AP_75": 0.18036384679392012
    }
  }
}