{
  "all": {
    "AP_50_95": 0.23785366397592042,
    "AP_50": 0.4113493008067221,
    "AP_75": 0.2581018171720831,
    "AR_1": 0.07731531366273339,
    "AR_10": 0.40188677869583783,
    "AR_100": 0.4364773085687181
  },
  "per_class": {
    "hex": {
      "AP_50_95": 0.4316696400751997,
      "AP_50": 0.81882697422418,
      "AP_75": 0.4143722532531363
    },
    "hex_socket": {
      "AP_50_95": 0.264386650418432,
      "AP_50": 0.4376680655701803,
      "AP_75": 0.32640979997677366
    },
    "phillips": {
      "AP_50_95": 0.22414197303857492,
      "AP_50": 0.4133494893417961,
      "AP_75": 0.1994725555637984
    },
    "pozidriv": {
      "AP_50_95": 0.045390694902044906,
      "AP_50": 0.07372070741072202,
      "AP_75": 0.04998413336007914
    },
    "slotted": {
      "AP_50_95": 0.40773261369231084,
      "AP_50": 0.6381999013284528,
      "AP_75": 0.4947101385678828
    },
    "torx": {
      "AP_50_95": 0.053800411728960225,
      "AP_50": 0.08633066696500158,
      "AP_75": 0.06366202231082838
    }
  }
}