{
  "all": {
    "AP_50_95": 0.24380420614391748,
    "AP_50": 0.42649266470626046,
    "AP_75": 0.2461370839259837,
    "AR_1": 0.07635944983253821,
    "AR_10": 0.4050237407407062,
    "AR_100": 0.43861770173519865
  },
  "per_class": {
    "hex": {
      "AP_50_95": 0.42870810423673994,
      "AP_50": 0.8266038477938613,
      "AP_75": 0.34804138490802566
    },
    "hex_socket": {
      "AP_50_95": 0.19545672540422268,
      "AP_50": 0.31234233292907754,
      "AP_75": 0.23284480591395448
    },
    "phillips": {
      "AP_50_95": 0.21766121993133675,
      "AP_50": 0.41099735862324566,
      "AP_75": 0.18629990335578353
    },
    "pozidriv": {
      "AP_50_95": 0.047671204715068104,
      "AP_50": 0.08007587425506688,
      "AP_75": 0.05439079728797786
    },
    "slotted": {
      "AP_50_95": 0.4734632143553277,
      "AP_50": 0.7616714747147965,
      "AP_75": 0.5376564626988113
    },
    "torx": {
      "AP_50_95": 0.09986476822080978,
      "AP_50": 0.16726509992151492,
      "AP_75": 0.1175891493913494
    }
  }
}