{
  "all": {
    "AP_50_95": 0.03172250271756868,
    "AP_50": 0.050542964971867076,
    "AP_75": 0.03752918641872114,
    "AR_1": 0.022452830188679246,
    "AR_10": 0.06641509433962264,
    "AR_100": 0.06924528301886793
  },
  "per_class": {
    "hex": {
      "AP_50_95": -1.0,
      "AP_50": -1.0,
      "AP_75": -1.0
    },
    "hex_socket": {
      "AP_50_95": -1.0,
      "AP_50": -1.0,
      "AP_75": -1.0
    },
    "phillips": {
      "AP_50_95": 0.06344500543513736,
      "AP_50": 0.10108592994373415,
      "AP_75": 0.0750583728374423
    },
    "pozidriv": {
      "AP_50_95": -1.0,
      "AP_50": -1.0,
      "AP_75": -1.0
    },
    "slotted": {
      "AP_50_95": 0.0,
      "AP_50": 0.0,
      "AP_75": 0.0
    },
    "torx": {
      "AP_50_95": -1.0,
      "AP_50": -1.0,
      "AP_75": -1.0
    }
  }
}