{
  "all": {
    "AP_50_95": 0.03147538702743761,
    "AP_50": 0.054343514290002705,
    "AP_75": 0.03343796643815325,
    "AR_1": 0.019245283018867926,
    "AR_10": 0.060377358490566045,
    "AR_100": 0.06358490566037736
  },
  "per_class": {
    "hex": {
      "AP_50_95": -1.0,
      "AP_50": -1.0,
      "AP_75": -1.0
    },
    "hex_socket": {
      "AP_50_95": -1.0,
      "AP_50": -1.0,
      "AP_75": -1.0
    },
    "phillips": {
      "AP_50_95": 0.06295077405487522,
      "AP_50": 0.10868702858000541,
      "AP_75": 0.0668759328763065
    },
    "pozidriv": {
      "AP_50_95": -1.0,
      "AP_50": -1.0,
      "AP_75": -1.0
    },
    "slotted": {
      "AP_50_95": 0.0,
      "AP_50": 0.0,
      "AP_75": 0.0
    },
    "torx": {
      "AP_50_95": -1.0,
      "AP_50": -1.0,
      "AP_75": -1.0
    }
  }
}