{
  "all": {
    "AP_50_95": 0.351169771295507,
    "AP_50": 0.5942097270159831,
    "AP_75": 0.38136379643401486,
    "AR_1": 0.0815295764766048,
    "AR_10": 0.5393945210744882,
    "AR_100": 0.5943931643295101
  },
  "per_class": {
    "hex": {
      "AP_50_95": 0.5119888631614439,
      "AP_50": 0.961038625485806,
      "AP_75": 0.42825633506109817
    },
    "hex_socket": {
      "AP_50_95": 0.3970728315900108,
      "AP_50": 0.6293507789723329,
      "AP_75": 0.44261829265983965
    },
    "phillips": {
      "AP_50_95": 0.26113610625702566,
      "AP_50": 0.47988717679424003,
      "AP_75": 0.23641238127112607
    },
    "pozidriv": {
      "AP_50_95": 0.10762713086798231,
      "AP_50": 0.17189294643485575,
      "AP_75": 0.13311670043730822
    },
    "slotted": {
      "AP_50_95": 0.51718307074729,
      "AP_50": 0.8268389082188781,
      "AP_75": 0.6487894362804479
    },
    "torx": {
      "AP_50_95": 0.31201062514928973,
      "AP_50": 0.4962499261897854,
      "AP_75": 0.3989896328942689
    }
  }
}