{
  "all": {
    "AP_50_95": 0.3428909583925125,
    "AP_50": 0.5614753726262699,
    "AP_75": 0.4001186131268529,
    "AR_1": 0.0854607618093661,
    "AR_10": 0.5305544814550675,
    "AR_100": 0.5810697309238188
  },
  "per_class": {
    "hex": {
      "AP_50_95": 0.5171905541604674,
      "AP_50": 0.8955294693546931,
      "AP_75": 0.5898650897768305
    },
    "hex_socket": {
      "AP_50_95": 0.401373405843429,
      "AP_50": 0.6386968997050956,
      "AP_75": 0.4863559748265416
    },
    "phillips": {
      "AP_50_95": 0.2918751173056619,
      "AP_50": 0.5031693415067677,
      "AP_75": 0.3168829059937889
    },
    "pozidriv": {
      "AP_50_95": 0.10749807892731544,
      "AP_50": 0.17270996771234912,
      "AP_75": 0.13047469672731493
    },
    "slotted": {
      "AP_50_95": 0.5083439250997092,
      "AP_50": 0.7969908773067023,
      "AP_75": 0.612490554577743
    },
    "torx": {
      "AP_50_95": 0.2310646690184918,
      "AP_50": 0.3617556801720118,
      "AP_75": 0.26464245685889803
    }
  }
}