{
  "all": {
    "AP_50_95": 0.3026225706591967,
    "AP_50": 0.4898367492063524,
    "AP_75": 0.3702678508112849,
    "AR_1": 0.08634197072306328,
    "AR_10": 0.4786900595353468,
    "AR_100": 0.5207067685379728
  },
  "per_class": {
    "hex": {
      "AP_50_95": 0.5413221189150461,
      "AP_50": 0.9037472182893669,
      "AP_75": 0.6491304171389933
    },
    "hex_socket": {
      "AP_50_95": 0.2828778286140736,
      "AP_50": 0.4361219314472209,
      "AP_75": 0.36751299086620454
    },
    "phillips": {
      "AP_50_95": 0.2505245997357084,
      "AP_50": 0.4684715139723068,
      "AP_75": 0.21570417006551898
    },
    "pozidriv": {
      "AP_50_95": 0.08320203175224326,
      "AP_50": 0.13499543288175792,
      "AP_75": 0.10406680814295838
    },
    "slotted": {
      "AP_50_95": 0.5168834136008623,
      "AP_50": 0.7768095728354772,
      "AP_75": 0.710268884489376
    },
    "torx": {
      "AP_50_95": 0.1409254313372461,
      "AP_50": 0.21887482581198478,
      "AP_75": 0.1749238341646581
    }
  }
}