{
  "all": {
    "AP_50_95": 0.023520509659773127,
    "AP_50": 0.04479381112986765,
    "AP_75": 0.019603610717487008,
    "AR_1": 0.017358490566037738,
    "AR_10": 0.05830188679245284,
    "AR_100": 0.05905660377358492
  },
  "per_class": {
    "hex": {
      "AP_50_95": -1.0,
      "AP_50": -1.0,
      "AP_75": -1.0
    },
    "hex_socket": {
      "AP_50_95": -1.0,
      "AP_50": -1.0,
      "AP_75": -1.0
    },
    "phillips": {
      "AP_50_95": 0.047041019319546254,
      "AP_50": 0.08958762225973531,
      "AP_75": 0.03920722143497402
    },
    "pozidriv": {
      "AP_50_95": -1.0,
      "AP_50": -1.0,
      "AP_75": -1.0
    },
    "slotted": {
      "AP_50_95": 0.0,
      "AP_50": 0.0,
      "AP_75": 0.0
    },
    "torx": {
      "AP_50_95": -1.0,
      "AP_50": -1.0,
      "AP_75": -1.0
    }
  }
}