{
  "all": {
    "AP_50_95": 0.034893538794191194,
    "AP_50": 0.059651838794757675,
    "AP_75": 0.040966968616458134,
    "AR_1": 0.02132075471698113,
    "AR_10": 0.06471698113207547,
    "AR_100": 0.06698113207547171
  },
  "per_class": {
    "hex": {
      "AP_50_95": -1.0,
      "AP_50": -1.0,
      "AP_75": -1.0
    },
    "hex_socket": {
      "AP_50_95": -1.0,
      "AP_50": -1.0,
      "AP_75": -1.0
    },
    "phillips": {
      "AP_50_95": 0.06978707758838239,
      "AP_50": 0.11930367758951535,
      "AP_75": 0.08193393723291627
    },
    "pozidriv": {
      "AP_50_95": -1.0,
      "AP_50": -1.0,
      "AP_75": -1.0
    },
    "slotted": {
      "AP_50_95": 0.0,
      "AP_50": 0.0,
      "AP_75": 0.0
    },
    "torx": {
      "AP_50_95": -1.0,
      "AP_50": -1.0,
      "AP_75": -1.0
    }
  }
}