{
  "all": {
    "AP_50_95": 0.13210942257996988,
    "AP_50": 0.24467852435638301,
    "AP_75": 0.12031929158558442,
    "AR_1": 0.06679480124480756,
    "AR_10": 0.3092403415289369,
    "AR_100": 0.3337588055210851
  },
  "per_class": {
    "hex": {
      "AP_50_95": 0.20397197683921572,
      "AP_50": 0.40752016668482943,
      "AP_75": 0.14689333252395964
    },
    "hex_socket": {
      "AP_50_95": 0.07395923471354494,
      "AP_50": 0.1256440571528413,
      "AP_75": 0.09483558152508544
    },
    "phillips": {
      "AP_50_95": 0.1726185965631058,
      "AP_50": 0.3430299214162913,
      "AP_75": 0.11777249268193393
    },
    "pozidriv": {
      "AP_50_95": 0.02109709979918229,
      "AP_50": 0.04450935284281723,
      "AP_75": 0.025701400482253757
    },
    "slotted": {
      "AP_50_95": 0.2957847985773272,
      "AP_50": 0.5025429193194617,
      "AP_75": 0.3106419790395641
    },
    "torx": {
      "AP_50_95": 0.02522482898744342,
      "AP_50": 0.04482472872205681,
      "AP_75": 0.02607096326070963
    }
  }
}