{
  "all": {
    "AP_50_95": 0.03205878280129786,
    "AP_50": 0.057480623194962895,
    "AP_75": 0.03665260713380225,
    "AR_1": 0.019622641509433963,
    "AR_10": 0.059245283018867924,
    "AR_100": 0.062452830188679254
  },
  "per_class": {
    "hex": {
      "AP_50_95": -1.0,
      "AP_50": -1.0,
      "AP_75": -1.0
    },
    "hex_socket": {
      "AP_50_95": -1.0,
      "AP_50": -1.0,
      "AP_75": -1.0
    },
    "phillips": {
      "AP_50_95": 0.06411756560259571,
      "AP_50": 0.11496124638992579,
      "AP_75": 0.0733052142676045
    },
    "pozidriv": {
      "AP_50_95": -1.0,
      "AP_50": -1.0,
      "AP_75": -1.0
    },
    "slotted": {
      "AP_50_95": 0.0,
      "AP_50": 0.0,
      "AP_75": 0.0
    },
    "torx": {
      "AP_50_95": -1.0,
      "AP_50": -1.0,
      "AP_75": -1.0
    }
  }
}