{
  "all": {
    "AP_50_95": 0.032302023911832234,
    "AP_50": 0.0545435854829931,
    "AP_75": 0.03991254457273767,
    "AR_1": 0.02339622641509434,
    "AR_10": 0.06547169811320755,
    "AR_100": 0.06867924528301887
  },
  "per_class": {
    "hex": {
      "AP_50_95": -1.0,
      "AP_50": -1.0,
      "AP_75": -1.0
    },
    "hex_socket": {
      "AP_50_95": -1.0,
      "AP_50": -1.0,
      "AP_75": -1.0
    },
    "phillips": {
      "AP_50_95": 0.06460404782366447,
      "AP_50": 0.1090871709659862,
      "AP_75": 0.07982508914547534
    },
    "pozidriv": {
      "AP_50_95": -1.0,
      "AP_50": -1.0,
      "AP_75": -1.0
    },
    "slotted": {
      "AP_50_95": 0.0,
      "AP_50": 0.0,
      "AP_75": 0.0
    },
    "torx": {
      "AP_50_95": -1.0,
      "AP_50": -1.0,
      "AP_75": -1.0
    }
  }
}