{
  "dataset": "/home/iat/Documents/Subie_Master/IS/_Shared/data/is/synthetic_yolo_splits",
  "split": "test_internal",
  "all": {
    "AP_50_95": 0.7801419472458715,
    "AP_50": 0.9535983237627157,
    "AP_75": 0.9280196807797116,
    "AR_1": 0.11413616272754858,
    "AR_10": 0.7156000651237754,
    "AR_100": 0.8222196455171974
  },
  "per_class": {
    "hex": {
      "AP_50_95": 0.8365224201968847,
      "AP_50": 0.9968706279595353,
      "AP_75": 0.9968706279595353,
      "AR_1": 0.10711462450592883,
      "AR_10": 0.7498023715415021,
      "AR_100": 0.8735177865612649
    },
    "hex_socket": {
      "AP_50_95": 0.8382114976894812,
      "AP_50": 0.9999470535288824,
      "AP_75": 0.9791218252260008,
      "AR_1": 0.11451612903225805,
      "AR_10": 0.7516129032258065,
      "AR_100": 0.8688172043010752
    },
    "phillips": {
      "AP_50_95": 0.6247611829905668,
      "AP_50": 0.8251385529913937,
      "AP_75": 0.7767431631946208,
      "AR_1": 0.10202429149797572,
      "AR_10": 0.5797570850202429,
      "AR_100": 0.676923076923077
    },
    "pozidriv": {
      "AP_50_95": 0.7870089018938853,
      "AP_50": 0.9398726792191651,
      "AP_75": 0.9315568558989775,
      "AR_1": 0.10965909090909091,
      "AR_10": 0.7244318181818182,
      "AR_100": 0.853409090909091
    },
    "slotted": {
      "AP_50_95": 0.7980772005611162,
      "AP_50": 0.989625790459558,
      "AP_75": 0.9511002782505549,
      "AR_1": 0.13621621621621624,
      "AR_10": 0.7583783783783783,
      "AR_100": 0.8313513513513513
    },
    "torx": {
      "AP_50_95": 0.7962704801432953,
      "AP_50": 0.9701352384177598,
      "AP_75": 0.9327253341485806,
      "AR_1": 0.11528662420382167,
      "AR_10": 0.7296178343949045,
      "AR_100": 0.8292993630573248
    }
  }
}