{
  "all": {
    "AP_50_95": 0.04412838137702847,
    "AP_50": 0.06787929075492409,
    "AP_75": 0.060085180476371576,
    "AR_1": 0.024339622641509434,
    "AR_10": 0.06943396226415095,
    "AR_100": 0.07150943396226415
  },
  "per_class": {
    "hex": {
      "AP_50_95": -1.0,
      "AP_50": -1.0,
      "AP_75": -1.0
    },
    "hex_socket": {
      "AP_50_95": -1.0,
      "AP_50": -1.0,
      "AP_75": -1.0
    },
    "phillips": {
      "AP_50_95": 0.08825676275405693,
      "AP_50": 0.13575858150984818,
      "AP_75": 0.12017036095274315
    },
    "pozidriv": {
      "AP_50_95": -1.0,
      "AP_50": -1.0,
      "AP_75": -1.0
    },
    "slotted": {
      "AP_50_95": 0.0,
      "AP_50": 0.0,
      "AP_75": 0.0
    },
    "torx": {
      "AP_50_95": -1.0,
      "AP_50": -1.0,
      "AP_75": -1.0
    }
  }
}