{
  "all": {
    "AP_50_95": 0.043628545399911706,
    "AP_50": 0.06775974014834074,
    "AP_75": 0.0571112235902039,
    "AR_1": 0.023773584905660377,
    "AR_10": 0.06924528301886793,
    "AR_100": 0.07169811320754718
  },
  "per_class": {
    "hex": {
      "AP_50_95": -1.0,
      "AP_50": -1.0,
      "AP_75": -1.0
    },
    "hex_socket": {
      "AP_50_95": -1.0,
      "AP_50": -1.0,
      "AP_75": -1.0
    },
    "phillips": {
      "AP_50_95": 0.08725709079982341,
      "AP_50": 0.13551948029668148,
      "AP_75": 0.11422244718040782
    },
    "pozidriv": {
      "AP_50_95": -1.0,
      "AP_50": -1.0,
      "AP_75": -1.0
    },
    "slotted": {
      "AP_50_95": 0.0,
      "AP_50": 0.0,
      "AP_75": 0.0
    },
    "torx": {
      "AP_50_95": -1.0,
      "AP_50": -1.0,
      "AP_75": -1.0
    }
  }
}