{
  "all": {
    "AP_50_95": 0.044031559501829236,
    "AP_50": 0.07026549888588626,
    "AP_75": 0.05965385864967187,
    "AR_1": 0.021698113207547172,
    "AR_10": 0.06679245283018868,
    "AR_100": 0.06811320754716982
  },
  "per_class": {
    "hex": {
      "AP_50_95": -1.0,
      "AP_50": -1.0,
      "AP_75": -1.0
    },
    "hex_socket": {
      "AP_50_95": -1.0,
      "AP_50": -1.0,
      "AP_75": -1.0
    },
    "phillips": {
      "AP_50_95": 0.08806311900365846,
      "AP_50": 0.14053099777177253,
      "AP_75": 0.11930771729934375
    },
    "pozidriv": {
      "AP_50_95": -1.0,
      "AP_50": -1.0,
      "AP_75": -1.0
    },
    "slotted": {
      "AP_50_95": 0.0,
      "AP_50": 0.0,
      "AP_75": 0.0
    },
    "torx": {
      "AP_50_95": -1.0,
      "AP_50": -1.0,
      "AP_75": -1.0
    }
  }
}