{
  "all": {
    "AP_50_95": 0.18121538994092423,
    "AP_50": 0.3933700562901001,
    "AP_75": 0.15069757609474152,
    "AR_1": 0.09887925067534825,
    "AR_10": 0.25322937193285744,
    "AR_100": 0.2754531056816688
  },
  "per_class": {
    "car": {
      "AP_50_95": 0.37974211674701147,
      "AP_50": 0.7117378070007516,
      "AP_75": 0.37943883175480164
    },
    "pedestrian": {
      "AP_50_95": 0.1580718704649458,
      "AP_50": 0.43169394835843655,
      "AP_75": 0.07258852510935064
    },
    "cyclist": {
      "AP_50_95": 0.005832182610815374,
      "AP_50": 0.036678413511111986,
      "AP_75": 6.537142007225383e-05
    }
  }
}