{
  "dataset": "/home/iat/Documents/Subie_Master/_Shared/data/ad/bdd_yolo_splits",
  "split": "test_internal",
  "all": {
    "AP_50_95": 0.05804645269446061,
    "AP_50": 0.12311938258921849,
    "AP_75": 0.04407018631463715,
    "AR_1": 0.03808678506370311,
    "AR_10": 0.10742512549583129,
    "AR_100": 0.15651175770951803
  },
  "per_class": {
    "car": {
      "AP_50_95": 0.061983121614321825,
      "AP_50": 0.13401171415480165,
      "AP_75": 0.04866891313168986,
      "AR_1": 0.021923820129040712,
      "AR_10": 0.10129040710051421,
      "AR_100": 0.15638161988668
    },
    "pedestrian": {
      "AP_50_95": 0.0911545183284419,
      "AP_50": 0.1908807423804131,
      "AP_75": 0.06915739463495603,
      "AR_1": 0.054868180631688857,
      "AR_10": 0.1478204124249543,
      "AR_100": 0.2164447924823806
    },
    "cyclist": {
      "AP_50_95": 0.021001718140618075,
      "AP_50": 0.044465691232440756,
      "AP_75": 0.014384251177265562,
      "AR_1": 0.03746835443037975,
      "AR_10": 0.07316455696202533,
      "AR_100": 0.09670886075949367
    }
  }
}