{
  "model": "/home/iat/Documents/Subie_Master/One-Stage/Synthetic/project/runs_synthia/SYNTHIA_yolov8m_seed1/weights/best.pt",
  "imgsz": 640,
  "device": "cuda",
  "datasets": [
    {
      "name": "internal",
      "paths": {
        "gt": "/home/iat/Documents/Subie_Master/One-Stage/Synthetic/project/metrics_synthia/SYNTHIA_seed1_yolov8m_on_bdd_eval/internal/gt_test_internal.json",
        "preds": "/home/iat/Documents/Subie_Master/One-Stage/Synthetic/project/metrics_synthia/SYNTHIA_seed1_yolov8m_on_bdd_eval/internal/preds_test_internal.json",
        "metrics": "/home/iat/Documents/Subie_Master/One-Stage/Synthetic/project/metrics_synthia/SYNTHIA_seed1_yolov8m_on_bdd_eval/internal/metrics.json"
      },
      "results": {
        "dataset": "/home/iat/Documents/Subie_Master/_Shared/data/ad/bdd_yolo_splits",
        "split": "test_internal",
        "all": {
          "AP_50_95": 0.06199716148079516,
          "AP_50": 0.13679169969599603,
          "AP_75": 0.046110632234474945,
          "AR_1": 0.03602864493326548,
          "AR_10": 0.10853784165041166,
          "AR_100": 0.15591996965783747
        },
        "per_class": {
          "car": {
            "AP_50_95": 0.06874894162135402,
            "AP_50": 0.14946704677348097,
            "AP_75": 0.054991740446399956,
            "AR_1": 0.025759014836406514,
            "AR_10": 0.10171290079586022,
            "AR_100": 0.1562145874954967
          },
          "pedestrian": {
            "AP_50_95": 0.09712359828471659,
            "AP_50": 0.20988290049260552,
            "AP_75": 0.07304603255985627,
            "AR_1": 0.05118767945706083,
            "AR_10": 0.15048290263638736,
            "AR_100": 0.21179848603497783
          },
          "cyclist": {
            "AP_50_95": 0.02011894453631491,
            "AP_50": 0.05102515182190162,
            "AP_75": 0.010294123697168618,
            "AR_1": 0.03113924050632912,
            "AR_10": 0.07341772151898733,
            "AR_100": 0.09974683544303799
          }
        }
      }
    }
  ]
}