{
  "all": {
    "AP_50_95": 0.21622839699831678,
    "AP_50": 0.48856573706462864,
    "AP_75": 0.15491218944285637,
    "AR_1": 0.08528194267884845,
    "AR_10": 0.2637341637590775,
    "AR_100": 0.3124044484499511
  },
  "per_class": {
    "car": {
      "AP_50_95": 0.3804851439053028,
      "AP_50": 0.7120370084472729,
      "AP_75": 0.3597198410429199
    },
    "pedestrian": {
      "AP_50_95": 0.15464811957496888,
      "AP_50": 0.45048518668574883,
      "AP_75": 0.056895970412270694
    },
    "cyclist": {
      "AP_50_95": 0.1135519275146787,
      "AP_50": 0.303175016060864,
      "AP_75": 0.048120756873378474
    }
  }
}