{
  "all": {
    "AP_50_95": 0.21810451090649016,
    "AP_50": 0.4886149256635203,
    "AP_75": 0.16230800181327648,
    "AR_1": 0.08509683086377721,
    "AR_10": 0.26533278388228265,
    "AR_100": 0.3134802981918123
  },
  "per_class": {
    "car": {
      "AP_50_95": 0.3832025435046552,
      "AP_50": 0.7156128578871885,
      "AP_75": 0.36394397830593045
    },
    "pedestrian": {
      "AP_50_95": 0.15736463758149902,
      "AP_50": 0.4579828421737,
      "AP_75": 0.06303835540367884
    },
    "cyclist": {
      "AP_50_95": 0.11374635163331608,
      "AP_50": 0.2922490769296724,
      "AP_75": 0.05994167173022025
    }
  }
}