{
  "all": {
    "AP_50_95": 0.21575814041408184,
    "AP_50": 0.4840516461603756,
    "AP_75": 0.15854250298388078,
    "AR_1": 0.08703998126323635,
    "AR_10": 0.26897878539196207,
    "AR_100": 0.31404204697670496
  },
  "per_class": {
    "car": {
      "AP_50_95": 0.3809124361069084,
      "AP_50": 0.7094760907850272,
      "AP_75": 0.35992832337737896
    },
    "pedestrian": {
      "AP_50_95": 0.15209975378378804,
      "AP_50": 0.4465218148248158,
      "AP_75": 0.06080422398972648
    },
    "cyclist": {
      "AP_50_95": 0.11426223135154907,
      "AP_50": 0.29615703287128387,
      "AP_75": 0.05489496158453681
    }
  }
}