{
  "dataset": "/home/iat/Documents/Subie_Master/_Shared/data/ad/bdd_yolo_splits",
  "split": "test_internal",
  "all": {
    "AP_50_95": 0.3071869160874237,
    "AP_50": 0.5662730430256081,
    "AP_75": 0.2833870680863383,
    "AR_1": 0.11307100813670967,
    "AR_10": 0.3469933277054308,
    "AR_100": 0.40712776483544405
  },
  "per_class": {
    "car": {
      "AP_50_95": 0.44292690112699373,
      "AP_50": 0.7376242654237888,
      "AP_75": 0.44090381621042524,
      "AR_1": 0.07835784233452331,
      "AR_10": 0.414856057380539,
      "AR_100": 0.5087904889791373
    },
    "pedestrian": {
      "AP_50_95": 0.28131929500330244,
      "AP_50": 0.5797732134313218,
      "AP_75": 0.22835353866298977,
      "AR_1": 0.11326024536674499,
      "AR_10": 0.3276429130775254,
      "AR_100": 0.3986687548942835
    },
    "cyclist": {
      "AP_50_95": 0.19731455213197502,
      "AP_50": 0.3814216502217139,
      "AP_75": 0.18090384938559975,
      "AR_1": 0.14759493670886076,
      "AR_10": 0.29848101265822785,
      "AR_100": 0.31392405063291134
    }
  }
}