{
  "model": "/home/iat/Documents/Subie_Master/ADD/One-Stage/Mixed/project/runs_mix/MIX_50_50_yolov8m_seed2/weights/best.pt",
  "imgsz": 640,
  "device": "0",
  "datasets": [
    {
      "name": "internal",
      "paths": {
        "gt": "/home/iat/Documents/Subie_Master/ADD/One-Stage/External/project/metrics_kitti/mixed/MIX_50_50_yolov8m_seed2_kitti_eval/internal/gt_test_external.json",
        "preds": "/home/iat/Documents/Subie_Master/ADD/One-Stage/External/project/metrics_kitti/mixed/MIX_50_50_yolov8m_seed2_kitti_eval/internal/preds_test_external.json",
        "metrics": "/home/iat/Documents/Subie_Master/ADD/One-Stage/External/project/metrics_kitti/mixed/MIX_50_50_yolov8m_seed2_kitti_eval/internal/metrics.json"
      },
      "results": {
        "dataset": "/home/iat/Documents/Subie_Master/ADD/_Shared/data/ad/kitti_yolo_splits",
        "split": "test_external",
        "all": {
          "AP_50_95": 0.24445369253822627,
          "AP_50": 0.4672705939598442,
          "AP_75": 0.23420193628894073,
          "AR_1": 0.1200210334871784,
          "AR_10": 0.3164556140448828,
          "AR_100": 0.34206890303621307
        },
        "per_class": {
          "car": {
            "AP_50_95": 0.47354089341523525,
            "AP_50": 0.7967713731049088,
            "AP_75": 0.5070375778843039,
            "AR_1": 0.15460148522293377,
            "AR_10": 0.5292264213342955,
            "AR_100": 0.5593788521090767
          },
          "pedestrian": {
            "AP_50_95": 0.2500298054037771,
            "AP_50": 0.548771324153446,
            "AP_75": 0.19527727232980138,
            "AR_1": 0.16661711616054362,
            "AR_10": 0.354682522828626,
            "AR_100": 0.39934168613293697
          },
          "cyclist": {
            "AP_50_95": 0.009790378795666403,
            "AP_50": 0.056269084621177745,
            "AP_75": 0.00029095865271696014,
            "AR_1": 0.03884449907805778,
            "AR_10": 0.0654578979717271,
            "AR_100": 0.06748617086662569
          }
        }
      }
    }
  ]
}