{
  "dataset": "/home/iat/Documents/Subie_Master/_Shared/data/ad/bdd_yolo_splits",
  "split": "test_internal",
  "all": {
    "AP_50_95": 0.3717211073200892,
    "AP_50": 0.6541168558283934,
    "AP_75": 0.3639834505468671,
    "AR_1": 0.134192301552469,
    "AR_10": 0.4046123068281619,
    "AR_100": 0.4673222511717891
  },
  "per_class": {
    "car": {
      "AP_50_95": 0.4870282035287583,
      "AP_50": 0.7856217790603457,
      "AP_75": 0.4892317262261709,
      "AR_1": 0.0807617987095929,
      "AR_10": 0.44724724069040056,
      "AR_100": 0.5475583794582909
    },
    "pedestrian": {
      "AP_50_95": 0.3392895519288515,
      "AP_50": 0.6532008024665642,
      "AP_75": 0.3080712847808344,
      "AR_1": 0.12915687809971285,
      "AR_10": 0.3767162620725659,
      "AR_100": 0.45137039937353174
    },
    "cyclist": {
      "AP_50_95": 0.28884556650265764,
      "AP_50": 0.5235279859582702,
      "AP_75": 0.29464734063359593,
      "AR_1": 0.19265822784810127,
      "AR_10": 0.38987341772151896,
      "AR_100": 0.4030379746835443
    }
  }
}