{
  "model": "/home/iat/Documents/Subie_Master/ADD/One-Stage/Mixed/project/runs_mix/MIX_70_30_yolov8m_seed2/weights/best.pt",
  "imgsz": 640,
  "device": "0",
  "datasets": [
    {
      "name": "internal",
      "paths": {
        "gt": "/home/iat/Documents/Subie_Master/ADD/One-Stage/External/project/metrics_kitti/mixed/MIX_70_30_yolov8m_seed2_kitti_eval/internal/gt_test_external.json",
        "preds": "/home/iat/Documents/Subie_Master/ADD/One-Stage/External/project/metrics_kitti/mixed/MIX_70_30_yolov8m_seed2_kitti_eval/internal/preds_test_external.json",
        "metrics": "/home/iat/Documents/Subie_Master/ADD/One-Stage/External/project/metrics_kitti/mixed/MIX_70_30_yolov8m_seed2_kitti_eval/internal/metrics.json"
      },
      "results": {
        "dataset": "/home/iat/Documents/Subie_Master/ADD/_Shared/data/ad/kitti_yolo_splits",
        "split": "test_external",
        "all": {
          "AP_50_95": 0.2585759859982708,
          "AP_50": 0.48541799899097193,
          "AP_75": 0.2525461645243796,
          "AR_1": 0.12597568635474293,
          "AR_10": 0.3338460398713396,
          "AR_100": 0.35960453540558096
        },
        "per_class": {
          "car": {
            "AP_50_95": 0.4945738563484642,
            "AP_50": 0.8111817666623657,
            "AP_75": 0.5361436216296523,
            "AR_1": 0.15809205976970025,
            "AR_10": 0.5537626649830132,
            "AR_100": 0.585601755810108
          },
          "pedestrian": {
            "AP_50_95": 0.26657303924534725,
            "AP_50": 0.5742868843442404,
            "AP_75": 0.22128774298265422,
            "AR_1": 0.17392227649182415,
            "AR_10": 0.36332554682522833,
            "AR_100": 0.40445954555107244
          },
          "cyclist": {
            "AP_50_95": 0.014581062401000853,
            "AP_50": 0.07078534596630957,
            "AP_75": 0.00020712896083236305,
            "AR_1": 0.045912722802704364,
            "AR_10": 0.0844499078057775,
            "AR_100": 0.08875230485556238
          }
        }
      }
    }
  ]
}