{
  "all": {
    "AP_50_95": 0.08150477188312603,
    "AP_50": 0.17689817462336632,
    "AP_75": 0.06686035855714342,
    "AR_1": 0.044104581020020475,
    "AR_10": 0.12632833992461376,
    "AR_100": 0.15260772119427854
  },
  "per_class": {
    "car": {
      "AP_50_95": 0.15952232709775446,
      "AP_50": 0.32315733169486555,
      "AP_75": 0.14337228210178105
    },
    "pedestrian": {
      "AP_50_95": 0.0575023725523756,
      "AP_50": 0.13938770954844087,
      "AP_75": 0.03794192071812659
    },
    "cyclist": {
      "AP_50_95": 0.02748961599924808,
      "AP_50": 0.06814948262679252,
      "AP_75": 0.01926687285152261
    }
  }
}