{
  "all": {
    "AP_50_95": 0.08536453599331287,
    "AP_50": 0.18907484444787995,
    "AP_75": 0.06769387585845506,
    "AR_1": 0.048164778760535994,
    "AR_10": 0.13329875166738733,
    "AR_100": 0.16185836582094218
  },
  "per_class": {
    "car": {
      "AP_50_95": 0.16486886649201357,
      "AP_50": 0.3420078561740378,
      "AP_75": 0.14580130117082307
    },
    "pedestrian": {
      "AP_50_95": 0.06438507526869221,
      "AP_50": 0.15712200333794918,
      "AP_75": 0.04065766593897511
    },
    "cyclist": {
      "AP_50_95": 0.026839666219232824,
      "AP_50": 0.06809467383165287,
      "AP_75": 0.016622660465567
    }
  }
}