{
  "all": {
    "AP_50_95": 0.08131182105773722,
    "AP_50": 0.17923209001766058,
    "AP_75": 0.06421278994797015,
    "AR_1": 0.043804450206606185,
    "AR_10": 0.12620970069655052,
    "AR_100": 0.15177482634521378
  },
  "per_class": {
    "car": {
      "AP_50_95": 0.1582902916286382,
      "AP_50": 0.3287084116669447,
      "AP_75": 0.13822449562916175
    },
    "pedestrian": {
      "AP_50_95": 0.06147928954028603,
      "AP_50": 0.15627546585329805,
      "AP_75": 0.03849247737266762
    },
    "cyclist": {
      "AP_50_95": 0.02416588200428745,
      "AP_50": 0.0527123925327389,
      "AP_75": 0.015921396842081076
    }
  }
}