{
  "dataset": "/home/iat/Documents/Subie_Master/IS/_Shared/data/is/synthetic_yolo_splits",
  "split": "test_internal",
  "all": {
    "AP_50_95": 0.5366188882213918,
    "AP_50": 0.6832117149178689,
    "AP_75": 0.6516622697414631,
    "AR_1": 0.10073551649137462,
    "AR_10": 0.5725881196479468,
    "AR_100": 0.637886144408647
  },
  "per_class": {
    "hex": {
      "AP_50_95": 0.7431747173937298,
      "AP_50": 0.9133576560770618,
      "AP_75": 0.900801473097939,
      "AR_1": 0.10671936758893279,
      "AR_10": 0.6833992094861661,
      "AR_100": 0.7822134387351778
    },
    "hex_socket": {
      "AP_50_95": 0.7597900018066871,
      "AP_50": 0.9355220163754328,
      "AP_75": 0.9129209189624261,
      "AR_1": 0.110752688172043,
      "AR_10": 0.7091397849462366,
      "AR_100": 0.7994623655913979
    },
    "phillips": {
      "AP_50_95": 0.31822264334867667,
      "AP_50": 0.44792082656252613,
      "AP_75": 0.38424146793518305,
      "AR_1": 0.08218623481781376,
      "AR_10": 0.4408906882591094,
      "AR_100": 0.5072874493927125
    },
    "pozidriv": {
      "AP_50_95": 0.2547691823508982,
      "AP_50": 0.30926926131603927,
      "AP_75": 0.30799619830874836,
      "AR_1": 0.08068181818181819,
      "AR_10": 0.4232954545454546,
      "AR_100": 0.4761363636363636
    },
    "slotted": {
      "AP_50_95": 0.5860001053417973,
      "AP_50": 0.755645628185249,
      "AP_75": 0.724408203512164,
      "AR_1": 0.12216216216216216,
      "AR_10": 0.6313513513513513,
      "AR_100": 0.6475675675675675
    },
    "torx": {
      "AP_50_95": 0.5577566790865616,
      "AP_50": 0.7375549009909041,
      "AP_75": 0.6796053566323187,
      "AR_1": 0.10191082802547771,
      "AR_10": 0.5474522292993631,
      "AR_100": 0.6146496815286625
    }
  }
}