{
  "dataset": "/home/iat/Documents/Subie_Master/_Shared/data/ad/synthia_yolo_splits",
  "split": "test",
  "all": {
    "AP_50_95": 0.37853722505164655,
    "AP_50": 0.5784499069042323,
    "AP_75": 0.388763626919903,
    "AR_1": 0.04729515012262108,
    "AR_10": 0.2712542282217564,
    "AR_100": 0.4077794706719151
  },
  "per_class": {
    "car": {
      "AP_50_95": 0.4858879931097976,
      "AP_50": 0.6828033786459115,
      "AP_75": 0.5087912840948549,
      "AR_1": 0.07884834074227232,
      "AR_10": 0.4136669078879355,
      "AR_100": 0.5159826320686447
    },
    "pedestrian": {
      "AP_50_95": 0.3118752381897151,
      "AP_50": 0.5213482879693476,
      "AP_75": 0.30840042464285244,
      "AR_1": 0.01300900789733465,
      "AR_10": 0.11221464708785785,
      "AR_100": 0.3423494570582429
    },
    "cyclist": {
      "AP_50_95": 0.33784844385542695,
      "AP_50": 0.5311980540974375,
      "AP_75": 0.34909917202200175,
      "AR_1": 0.050028101728256294,
      "AR_10": 0.28788112968947593,
      "AR_100": 0.36500632288885765
    }
  }
}