{
  "all": {
    "AP_50_95": 0.2331195563069301,
    "AP_50": 0.42437805753923774,
    "AP_75": 0.22436452890516873,
    "AR_1": 0.03850281253713186,
    "AR_10": 0.19996206610698147,
    "AR_100": 0.27877361778223286
  },
  "per_class": {
    "car": {
      "AP_50_95": 0.35817778808399525,
      "AP_50": 0.5793331183148102,
      "AP_75": 0.37599940604827947
    },
    "pedestrian": {
      "AP_50_95": 0.16633215816007002,
      "AP_50": 0.3473929546489642,
      "AP_75": 0.13883281451523088
    },
    "cyclist": {
      "AP_50_95": 0.1748487226767251,
      "AP_50": 0.3464080996539389,
      "AP_75": 0.15826136615199568
    }
  }
}