{
  "all": {
    "AP_50_95": 0.23396953613821062,
    "AP_50": 0.4246236973957538,
    "AP_75": 0.2248350206881629,
    "AR_1": 0.03860609815692653,
    "AR_10": 0.20009567162135228,
    "AR_100": 0.27868406709644356
  },
  "per_class": {
    "car": {
      "AP_50_95": 0.3580774979274115,
      "AP_50": 0.5781190269725929,
      "AP_75": 0.37851087356203544
    },
    "pedestrian": {
      "AP_50_95": 0.16695105113230468,
      "AP_50": 0.3470238917542311,
      "AP_75": 0.13859908461257486
    },
    "cyclist": {
      "AP_50_95": 0.1768800593549156,
      "AP_50": 0.3487281734604374,
      "AP_75": 0.15739510388987846
    }
  }
}