{
  "all": {
    "AP_50_95": 0.2350395111003098,
    "AP_50": 0.4262626736749127,
    "AP_75": 0.22637227056150755,
    "AR_1": 0.038763915613985206,
    "AR_10": 0.20018489427400274,
    "AR_100": 0.28034096424623695
  },
  "per_class": {
    "car": {
      "AP_50_95": 0.35961654925579906,
      "AP_50": 0.5801863782984125,
      "AP_75": 0.3809917417372331
    },
    "pedestrian": {
      "AP_50_95": 0.16747387847271472,
      "AP_50": 0.3476696659143978,
      "AP_75": 0.13975313328570568
    },
    "cyclist": {
      "AP_50_95": 0.17802810557241575,
      "AP_50": 0.3509319768119276,
      "AP_75": 0.15837193666158386
    }
  }
}