{
  "all": {
    "AP_50_95": 0.2094588492370751,
    "AP_50": 0.42655988511754933,
    "AP_75": 0.1894495203787599,
    "AR_1": 0.11293681957666353,
    "AR_10": 0.2910469336250493,
    "AR_100": 0.31257665598020884
  },
  "per_class": {
    "car": {
      "AP_50_95": 0.4449075931074016,
      "AP_50": 0.7709348960534781,
      "AP_75": 0.47614640473112924
    },
    "pedestrian": {
      "AP_50_95": 0.17542129280058397,
      "AP_50": 0.45910184202679644,
      "AP_75": 0.09206849039957475
    },
    "cyclist": {
      "AP_50_95": 0.008047661803239714,
      "AP_50": 0.04964291727237343,
      "AP_75": 0.00013366600557570855
    }
  }
}