{
  "all": {
    "AP_50_95": 0.21017616929555677,
    "AP_50": 0.4266940964664919,
    "AP_75": 0.18966417715768594,
    "AR_1": 0.11179328593418222,
    "AR_10": 0.2899905465608286,
    "AR_100": 0.31284478535896976
  },
  "per_class": {
    "car": {
      "AP_50_95": 0.45005489510318014,
      "AP_50": 0.7769903432025985,
      "AP_75": 0.4827260025483664
    },
    "pedestrian": {
      "AP_50_95": 0.1721068281799262,
      "AP_50": 0.45136690373458876,
      "AP_75": 0.08621578330901936
    },
    "cyclist": {
      "AP_50_95": 0.008366784603564046,
      "AP_50": 0.05172504246228834,
      "AP_75": 5.0745615672144535e-05
    }
  }
}