{
  "all": {
    "AP_50_95": 0.20179288831399456,
    "AP_50": 0.4174816423791005,
    "AP_75": 0.17948084420248342,
    "AR_1": 0.10920355809236972,
    "AR_10": 0.28504123046472923,
    "AR_100": 0.30921449804869083
  },
  "per_class": {
    "car": {
      "AP_50_95": 0.4389925286226124,
      "AP_50": 0.7733173472803195,
      "AP_75": 0.46147544245706
    },
    "pedestrian": {
      "AP_50_95": 0.15847258297400887,
      "AP_50": 0.4301942625552116,
      "AP_75": 0.07677695928164872
    },
    "cyclist": {
      "AP_50_95": 0.007913553345362364,
      "AP_50": 0.04893331730177062,
      "AP_75": 0.00019013086874146732
    }
  }
}