{
  "all": {
    "AP_50_95": 0.19145852982566727,
    "AP_50": 0.4152721741865933,
    "AP_75": 0.1536779573776123,
    "AR_1": 0.08095217148783478,
    "AR_10": 0.2442628927076179,
    "AR_100": 0.2851741155437695
  },
  "per_class": {
    "car": {
      "AP_50_95": 0.3464140602281079,
      "AP_50": 0.6548377668230052,
      "AP_75": 0.3287413500127754
    },
    "pedestrian": {
      "AP_50_95": 0.14158976533113057,
      "AP_50": 0.3727300099950149,
      "AP_75": 0.07633675702740587
    },
    "cyclist": {
      "AP_50_95": 0.0863717639177634,
      "AP_50": 0.21824874574175987,
      "AP_75": 0.05595576509265561
    }
  }
}