{
  "all": {
    "AP_50_95": 0.20517098166809772,
    "AP_50": 0.44139649229973044,
    "AP_75": 0.1663629416226059,
    "AR_1": 0.08683931850727893,
    "AR_10": 0.2559345445846359,
    "AR_100": 0.3000487758378077
  },
  "per_class": {
    "car": {
      "AP_50_95": 0.3637474117731103,
      "AP_50": 0.6802698671633849,
      "AP_75": 0.3473308615210071
    },
    "pedestrian": {
      "AP_50_95": 0.14869784183365173,
      "AP_50": 0.3965305788312362,
      "AP_75": 0.07831489394710663
    },
    "cyclist": {
      "AP_50_95": 0.10306769139753108,
      "AP_50": 0.2473890309045701,
      "AP_75": 0.07344306939970398
    }
  }
}