{
  "all": {
    "AP_50_95": 0.22757611395006924,
    "AP_50": 0.41976390455339047,
    "AP_75": 0.21402062891798393,
    "AR_1": 0.03771946969859016,
    "AR_10": 0.19472934584278334,
    "AR_100": 0.271941607973458
  },
  "per_class": {
    "car": {
      "AP_50_95": 0.3498990250589698,
      "AP_50": 0.5693429135397571,
      "AP_75": 0.36388101033539283
    },
    "pedestrian": {
      "AP_50_95": 0.16651301540346514,
      "AP_50": 0.34663038179569156,
      "AP_75": 0.14008117889912758
    },
    "cyclist": {
      "AP_50_95": 0.16631630138777267,
      "AP_50": 0.3433184183247227,
      "AP_75": 0.13809969751943144
    }
  }
}