{
  "all": {
    "AP_50_95": 0.2184020591899785,
    "AP_50": 0.47648786410256355,
    "AP_75": 0.1738135504572861,
    "AR_1": 0.0917548261747744,
    "AR_10": 0.2692822778083531,
    "AR_100": 0.31786009999540316
  },
  "per_class": {
    "car": {
      "AP_50_95": 0.3843878834875165,
      "AP_50": 0.7151090626180396,
      "AP_75": 0.36622458763939864
    },
    "pedestrian": {
      "AP_50_95": 0.15652168339184147,
      "AP_50": 0.43945987699703437,
      "AP_75": 0.0755007427173878
    },
    "cyclist": {
      "AP_50_95": 0.11429661069057742,
      "AP_50": 0.2748946526926166,
      "AP_75": 0.07971532101507182
    }
  }
}