{
  "all": {
    "AP_50_95": 0.21807224711195558,
    "AP_50": 0.4066913169687701,
    "AP_75": 0.20239774551035827,
    "AR_1": 0.03707159097875631,
    "AR_10": 0.18903001042947482,
    "AR_100": 0.26330810250620423
  },
  "per_class": {
    "car": {
      "AP_50_95": 0.33791963723887913,
      "AP_50": 0.5523536341031345,
      "AP_75": 0.3476911957940184
    },
    "pedestrian": {
      "AP_50_95": 0.16022794916881325,
      "AP_50": 0.33566624930246103,
      "AP_75": 0.13436873762682125
    },
    "cyclist": {
      "AP_50_95": 0.15606915492817436,
      "AP_50": 0.33205406750071453,
      "AP_75": 0.12513330311023516
    }
  }
}