{
  "all": {
    "AP_50_95": 0.20514101497817291,
    "AP_50": 0.4396496907195404,
    "AP_75": 0.1657319389221477,
    "AR_1": 0.08461245488128967,
    "AR_10": 0.25289954104432527,
    "AR_100": 0.29671016694549696
  },
  "per_class": {
    "car": {
      "AP_50_95": 0.36131784049371096,
      "AP_50": 0.6753343831687671,
      "AP_75": 0.3452892363924183
    },
    "pedestrian": {
      "AP_50_95": 0.1491599641084187,
      "AP_50": 0.3975998226265497,
      "AP_75": 0.0841336183122504
    },
    "cyclist": {
      "AP_50_95": 0.10494524033238917,
      "AP_50": 0.24601486636330433,
      "AP_75": 0.06777296206177431
    }
  }
}