{
  "all": {
    "AP_50_95": 0.21174112407104725,
    "AP_50": 0.4016620547145063,
    "AP_75": 0.19187643357396003,
    "AR_1": 0.036754492212699046,
    "AR_10": 0.18509160743680428,
    "AR_100": 0.2597941081566951
  },
  "per_class": {
    "car": {
      "AP_50_95": 0.3330594266227089,
      "AP_50": 0.5520245669977569,
      "AP_75": 0.3406749476996999
    },
    "pedestrian": {
      "AP_50_95": 0.15473673498742194,
      "AP_50": 0.3346364865085946,
      "AP_75": 0.12207244429390243
    },
    "cyclist": {
      "AP_50_95": 0.1474272106030109,
      "AP_50": 0.31832511063716723,
      "AP_75": 0.1128819087282778
    }
  }
}