{
  "all": {
    "AP_50_95": 0.22520303433598984,
    "AP_50": 0.417676960069499,
    "AP_75": 0.21055542349919437,
    "AR_1": 0.037831460841808655,
    "AR_10": 0.19376235588677196,
    "AR_100": 0.2700282790661069
  },
  "per_class": {
    "car": {
      "AP_50_95": 0.3457491568319584,
      "AP_50": 0.5646486977342099,
      "AP_75": 0.3571520891740207
    },
    "pedestrian": {
      "AP_50_95": 0.16495887706944118,
      "AP_50": 0.3458893856519554,
      "AP_75": 0.1366405459031244
    },
    "cyclist": {
      "AP_50_95": 0.16490106910656996,
      "AP_50": 0.34249279682233164,
      "AP_75": 0.13787363542043804
    }
  }
}