{
  "all": {
    "AP_50_95": 0.21931881676556453,
    "AP_50": 0.4080479048374045,
    "AP_75": 0.20383893260803715,
    "AR_1": 0.037142435951276156,
    "AR_10": 0.18966127694451318,
    "AR_100": 0.2639417542377502
  },
  "per_class": {
    "car": {
      "AP_50_95": 0.33867352303589976,
      "AP_50": 0.5538313943248101,
      "AP_75": 0.35041269611549036
    },
    "pedestrian": {
      "AP_50_95": 0.16248519893488034,
      "AP_50": 0.3370809045111609,
      "AP_75": 0.13656457849099182
    },
    "cyclist": {
      "AP_50_95": 0.1567977283259135,
      "AP_50": 0.3332314156762426,
      "AP_75": 0.12453952321762927
    }
  }
}