{
  "all": {
    "AP_50_95": 0.1953586960621897,
    "AP_50": 0.42213617724645347,
    "AP_75": 0.15760313422665623,
    "AR_1": 0.08463671230113574,
    "AR_10": 0.24608345242263333,
    "AR_100": 0.2874758637382814
  },
  "per_class": {
    "car": {
      "AP_50_95": 0.34777938296237076,
      "AP_50": 0.6547878883557636,
      "AP_75": 0.3294377035430748
    },
    "pedestrian": {
      "AP_50_95": 0.1394419262897123,
      "AP_50": 0.3695903829729571,
      "AP_75": 0.07291393883421511
    },
    "cyclist": {
      "AP_50_95": 0.09885477893448598,
      "AP_50": 0.24203026041063969,
      "AP_75": 0.07045776030267885
    }
  }
}