{
  "all": {
    "AP_50_95": 0.2042825314439174,
    "AP_50": 0.4396813668571168,
    "AP_75": 0.16564781950195767,
    "AR_1": 0.08444597209439084,
    "AR_10": 0.2549473235151846,
    "AR_100": 0.2971094783832602
  },
  "per_class": {
    "car": {
      "AP_50_95": 0.36219764995447806,
      "AP_50": 0.6763321953993214,
      "AP_75": 0.34654345497452693
    },
    "pedestrian": {
      "AP_50_95": 0.14900032884034795,
      "AP_50": 0.39618235562192067,
      "AP_75": 0.0788439272064624
    },
    "cyclist": {
      "AP_50_95": 0.10164961553692616,
      "AP_50": 0.24652954955010836,
      "AP_75": 0.07155607632488369
    }
  }
}