{
  "all": {
    "AP_50_95": 0.2175856472745856,
    "AP_50": 0.4785728932917104,
    "AP_75": 0.17004111225757537,
    "AR_1": 0.08921588566403275,
    "AR_10": 0.2691146425237442,
    "AR_100": 0.3176334895737446
  },
  "per_class": {
    "car": {
      "AP_50_95": 0.3856285865334011,
      "AP_50": 0.7175986976787431,
      "AP_75": 0.3687602383457956
    },
    "pedestrian": {
      "AP_50_95": 0.15589988754246586,
      "AP_50": 0.4339207752755955,
      "AP_75": 0.07354872962912799
    },
    "cyclist": {
      "AP_50_95": 0.11122846774788969,
      "AP_50": 0.28419920692079265,
      "AP_75": 0.06781436879780245
    }
  }
}