{
  "all": {
    "AP_50_95": 0.19353210066456558,
    "AP_50": 0.415419663310581,
    "AP_75": 0.15881625305854333,
    "AR_1": 0.0828227684505081,
    "AR_10": 0.24338072504115632,
    "AR_100": 0.28674854861346827
  },
  "per_class": {
    "car": {
      "AP_50_95": 0.34875191384729887,
      "AP_50": 0.6576443716501208,
      "AP_75": 0.3326281875658886
    },
    "pedestrian": {
      "AP_50_95": 0.13795942899348662,
      "AP_50": 0.3633475644941545,
      "AP_75": 0.07659380879610847
    },
    "cyclist": {
      "AP_50_95": 0.09388495915291133,
      "AP_50": 0.2252670537874677,
      "AP_75": 0.06722676281363309
    }
  }
}