{
  "all": {
    "AP_50_95": 0.21829951885059665,
    "AP_50": 0.407456229022999,
    "AP_75": 0.20220193080131127,
    "AR_1": 0.037021329786916204,
    "AR_10": 0.18883644143680992,
    "AR_100": 0.26334244420201147
  },
  "per_class": {
    "car": {
      "AP_50_95": 0.33567046864900557,
      "AP_50": 0.5509615982369241,
      "AP_75": 0.3464260103805791
    },
    "pedestrian": {
      "AP_50_95": 0.16131590706648125,
      "AP_50": 0.3366155236065014,
      "AP_75": 0.13477383790041655
    },
    "cyclist": {
      "AP_50_95": 0.15791218083630318,
      "AP_50": 0.33479156522557135,
      "AP_75": 0.1254059441229382
    }
  }
}