{
  "all": {
    "AP_50_95": 0.2279520723748288,
    "AP_50": 0.41961292909937525,
    "AP_75": 0.21501624750721188,
    "AR_1": 0.03793777466257084,
    "AR_10": 0.1949777254281699,
    "AR_100": 0.2716351165883109
  },
  "per_class": {
    "car": {
      "AP_50_95": 0.34917946457000826,
      "AP_50": 0.5703278034600279,
      "AP_75": 0.36514704975117956
    },
    "pedestrian": {
      "AP_50_95": 0.16686481262335098,
      "AP_50": 0.34572878851559596,
      "AP_75": 0.13785587692050574
    },
    "cyclist": {
      "AP_50_95": 0.16781193993112714,
      "AP_50": 0.34278219532250176,
      "AP_75": 0.1420458158499504
    }
  }
}