{
  "all": {
    "AP_50_95": 0.21114614715459706,
    "AP_50": 0.40088466806823025,
    "AP_75": 0.19233847594347303,
    "AR_1": 0.03649820837569278,
    "AR_10": 0.18508203597400907,
    "AR_100": 0.25917721808653477
  },
  "per_class": {
    "car": {
      "AP_50_95": 0.3325057894246313,
      "AP_50": 0.5566958636213037,
      "AP_75": 0.34037016638405904
    },
    "pedestrian": {
      "AP_50_95": 0.1529487921437016,
      "AP_50": 0.3271028732466321,
      "AP_75": 0.12291029214904237
    },
    "cyclist": {
      "AP_50_95": 0.14798385989545826,
      "AP_50": 0.31885526733675484,
      "AP_75": 0.11373496929731765
    }
  }
}