{
  "all": {
    "AP_50_95": 0.2107873490041006,
    "AP_50": 0.40141167601595695,
    "AP_75": 0.191477191231799,
    "AR_1": 0.03657561547270153,
    "AR_10": 0.18443098328740462,
    "AR_100": 0.2588146775934047
  },
  "per_class": {
    "car": {
      "AP_50_95": 0.32971492234894967,
      "AP_50": 0.5504251250330194,
      "AP_75": 0.3393473574143884
    },
    "pedestrian": {
      "AP_50_95": 0.15398461237670333,
      "AP_50": 0.3335451763404023,
      "AP_75": 0.12097732176135004
    },
    "cyclist": {
      "AP_50_95": 0.1486625122866488,
      "AP_50": 0.32026472667444894,
      "AP_75": 0.11410689451965861
    }
  }
}