{
  "all": {
    "AP_50_95": 0.22010800390755655,
    "AP_50": 0.4771625641551346,
    "AP_75": 0.17156405470881336,
    "AR_1": 0.09069041354659932,
    "AR_10": 0.27403783364493833,
    "AR_100": 0.32339324351643683
  },
  "per_class": {
    "car": {
      "AP_50_95": 0.3845845744727638,
      "AP_50": 0.7133479155216919,
      "AP_75": 0.3682502735497333
    },
    "pedestrian": {
      "AP_50_95": 0.1568747316923795,
      "AP_50": 0.43194400157468305,
      "AP_75": 0.0749476951772167
    },
    "cyclist": {
      "AP_50_95": 0.11886470555752632,
      "AP_50": 0.28619577536902896,
      "AP_75": 0.07149419539949009
    }
  }
}