{
  "dataset": "/home/iat/Documents/Subie_Master/_Shared/data/ad/synthia_yolo_splits",
  "split": "test",
  "all": {
    "AP_50_95": 0.3733238194557123,
    "AP_50": 0.5729121218623184,
    "AP_75": 0.38234932817831124,
    "AR_1": 0.047112601442664846,
    "AR_10": 0.26877744754475547,
    "AR_100": 0.40290863079508743
  },
  "per_class": {
    "car": {
      "AP_50_95": 0.4849431017255451,
      "AP_50": 0.6809043382987086,
      "AP_75": 0.507127110153933,
      "AR_1": 0.0788483407422723,
      "AR_10": 0.4129432440814639,
      "AR_100": 0.515693166546056
    },
    "pedestrian": {
      "AP_50_95": 0.3061724297544099,
      "AP_50": 0.5177429591819442,
      "AP_75": 0.3000032283299701,
      "AR_1": 0.012981243830207304,
      "AR_10": 0.11148661154985191,
      "AR_100": 0.3362321076011846
    },
    "cyclist": {
      "AP_50_95": 0.32885592688718196,
      "AP_50": 0.5200890681063026,
      "AP_75": 0.3399176460510305,
      "AR_1": 0.04950821975551496,
      "AR_10": 0.2819024870029506,
      "AR_100": 0.35680061823802167
    }
  }
}