{
  "all": {
    "AP_50_95": 0.20169482911160602,
    "AP_50": 0.4248183454900828,
    "AP_75": 0.1693368251118387,
    "AR_1": 0.11027794571864609,
    "AR_10": 0.2788189577178228,
    "AR_100": 0.29982589343267463
  },
  "per_class": {
    "car": {
      "AP_50_95": 0.4174692589563798,
      "AP_50": 0.7530582075649026,
      "AP_75": 0.42922271080322866
    },
    "pedestrian": {
      "AP_50_95": 0.18466786723568943,
      "AP_50": 0.5030519451080855,
      "AP_75": 0.07876530595734278
    },
    "cyclist": {
      "AP_50_95": 0.0029473611427488573,
      "AP_50": 0.01834488379726042,
      "AP_75": 2.24585749446749e-05
    }
  }
}