{
  "dataset": "/home/iat/Documents/Subie_Master/_Shared/data/ad/synthia_yolo_splits",
  "split": "test",
  "all": {
    "AP_50_95": 0.3737298520428134,
    "AP_50": 0.5733552804613562,
    "AP_75": 0.38275023583285683,
    "AR_1": 0.04735285412252174,
    "AR_10": 0.26925794887767623,
    "AR_100": 0.40334606839656784
  },
  "per_class": {
    "car": {
      "AP_50_95": 0.4859388493446903,
      "AP_50": 0.6815047996701462,
      "AP_75": 0.509397507765173,
      "AR_1": 0.07938591956993693,
      "AR_10": 0.41392535924738966,
      "AR_100": 0.5166029153313347
    },
    "pedestrian": {
      "AP_50_95": 0.3050922906510099,
      "AP_50": 0.5167491726412577,
      "AP_75": 0.29942953342523604,
      "AR_1": 0.013002838104639683,
      "AR_10": 0.11145422013820334,
      "AR_100": 0.3356089585389931
    },
    "cyclist": {
      "AP_50_95": 0.33015841613274,
      "AP_50": 0.5218118690726642,
      "AP_75": 0.33942366630816134,
      "AR_1": 0.049669804692988616,
      "AR_10": 0.28239426724743566,
      "AR_100": 0.3578263313193761
    }
  }
}