{
  "all": {
    "AP_50_95": 0.5285557045928747,
    "AP_50": 0.7997418893030309,
    "AP_75": 0.6670577577309729,
    "AR_1": 0.09134446840392353,
    "AR_10": 0.6047401946028546,
    "AR_100": 0.7040705628811424
  },
  "per_class": {
    "hex": {
      "AP_50_95": 0.5703293934344553,
      "AP_50": 0.9821864721812145,
      "AP_75": 0.6329948763142823
    },
    "hex_socket": {
      "AP_50_95": 0.6822932126720436,
      "AP_50": 0.9663683987953623,
      "AP_75": 0.917428659102838
    },
    "phillips": {
      "AP_50_95": 0.38471779449153964,
      "AP_50": 0.6242312871699971,
      "AP_75": 0.4788123280519025
    },
    "pozidriv": {
      "AP_50_95": 0.27713624905685413,
      "AP_50": 0.4084025017999317,
      "AP_75": 0.36931438028809305
    },
    "slotted": {
      "AP_50_95": 0.6623545358626222,
      "AP_50": 0.9554827393394233,
      "AP_75": 0.8314733937236002
    },
    "torx": {
      "AP_50_95": 0.5945030420397338,
      "AP_50": 0.8617799365322568,
      "AP_75": 0.7723229089051219
    }
  }
}