{
  "all": {
    "AP_50_95": 0.5268831636437685,
    "AP_50": 0.8030403285080858,
    "AP_75": 0.6716768782895579,
    "AR_1": 0.09046702001392243,
    "AR_10": 0.6033865983489568,
    "AR_100": 0.6987069437251143
  },
  "per_class": {
    "hex": {
      "AP_50_95": 0.5616039310707548,
      "AP_50": 0.970009139845484,
      "AP_75": 0.6400807319419775
    },
    "hex_socket": {
      "AP_50_95": 0.6698857980985756,
      "AP_50": 0.9628653351703339,
      "AP_75": 0.887937869936022
    },
    "phillips": {
      "AP_50_95": 0.39614129032398154,
      "AP_50": 0.6475502795608865,
      "AP_75": 0.47669948036838605
    },
    "pozidriv": {
      "AP_50_95": 0.28486062323052824,
      "AP_50": 0.4265708133795098,
      "AP_75": 0.38058982903555605
    },
    "slotted": {
      "AP_50_95": 0.6518824892526542,
      "AP_50": 0.9485754832015341,
      "AP_75": 0.8512760937365943
    },
    "torx": {
      "AP_50_95": 0.5969248498861169,
      "AP_50": 0.8626709198907672,
      "AP_75": 0.793477264718812
    }
  }
}