{
  "all": {
    "AP_50_95": 0.508174085468129,
    "AP_50": 0.7872621666126669,
    "AP_75": 0.633237506391758,
    "AR_1": 0.08919183317935198,
    "AR_10": 0.5924289942562679,
    "AR_100": 0.6885926083995686
  },
  "per_class": {
    "hex": {
      "AP_50_95": 0.5371199774447691,
      "AP_50": 0.9763702912957759,
      "AP_75": 0.4970471279192231
    },
    "hex_socket": {
      "AP_50_95": 0.673592766848554,
      "AP_50": 0.9624336711049155,
      "AP_75": 0.8748952689862297
    },
    "phillips": {
      "AP_50_95": 0.35376361109896254,
      "AP_50": 0.5811110941381865,
      "AP_75": 0.4399200787655152
    },
    "pozidriv": {
      "AP_50_95": 0.2738707164703551,
      "AP_50": 0.40357100783511823,
      "AP_75": 0.3692492045730646
    },
    "slotted": {
      "AP_50_95": 0.6385344395352633,
      "AP_50": 0.9542609678461278,
      "AP_75": 0.8506903200439642
    },
    "torx": {
      "AP_50_95": 0.5721630014108705,
      "AP_50": 0.8458259674558776,
      "AP_75": 0.7676230380625512
    }
  }
}