{
  "dataset": "/home/iat/Documents/Subie_Master/_Shared/data/ad/synthia_yolo_splits",
  "split": "test",
  "all": {
    "AP_50_95": 0.395535568002655,
    "AP_50": 0.5944041236520493,
    "AP_75": 0.40639870292104957,
    "AR_1": 0.04821435601173108,
    "AR_10": 0.27987512701949396,
    "AR_100": 0.4232013488122679
  },
  "per_class": {
    "car": {
      "AP_50_95": 0.5038661552769004,
      "AP_50": 0.6974630034910823,
      "AP_75": 0.5239195292709352,
      "AR_1": 0.08034735862710639,
      "AR_10": 0.42512147213894347,
      "AR_100": 0.5319859402460456
    },
    "pedestrian": {
      "AP_50_95": 0.32495883649618684,
      "AP_50": 0.5345036064604884,
      "AP_75": 0.3231554372687589,
      "AR_1": 0.013115436821322804,
      "AR_10": 0.11409643385982231,
      "AR_100": 0.3537836253701876
    },
    "cyclist": {
      "AP_50_95": 0.35778171223487787,
      "AP_50": 0.5512457610045772,
      "AP_75": 0.37212114222345477,
      "AR_1": 0.05118027258676409,
      "AR_10": 0.3004074750597162,
      "AR_100": 0.38383448082057053
    }
  }
}