{
  "dataset": "/home/iat/Documents/Subie_Master/_Shared/data/ad/bdd_yolo_splits",
  "split": "test_internal",
  "all": {
    "AP_50_95": 0.3025478064410763,
    "AP_50": 0.5564463447577315,
    "AP_75": 0.2779165318556341,
    "AR_1": 0.1114971491944726,
    "AR_10": 0.34376651477179687,
    "AR_100": 0.4052823922317151
  },
  "per_class": {
    "car": {
      "AP_50_95": 0.4438095983890272,
      "AP_50": 0.7376390994622891,
      "AP_75": 0.43958459263562116,
      "AR_1": 0.07867880653718927,
      "AR_10": 0.4148691579602398,
      "AR_100": 0.5093800150656668
    },
    "pedestrian": {
      "AP_50_95": 0.27944383944072515,
      "AP_50": 0.569929693923789,
      "AP_75": 0.23371241609573973,
      "AR_1": 0.1122683372487601,
      "AR_10": 0.32605063951970764,
      "AR_100": 0.3978595666927695
    },
    "cyclist": {
      "AP_50_95": 0.18438998149347657,
      "AP_50": 0.36177024088711623,
      "AP_75": 0.16045258683554137,
      "AR_1": 0.14354430379746835,
      "AR_10": 0.29037974683544304,
      "AR_100": 0.30860759493670886
    }
  }
}