{
  "dataset": "/home/iat/Documents/Subie_Master/_Shared/data/ad/bdd_yolo_splits",
  "split": "test_internal",
  "all": {
    "AP_50_95": 0.06511011090139912,
    "AP_50": 0.14112214938027254,
    "AP_75": 0.05046512100774801,
    "AR_1": 0.039341717137362314,
    "AR_10": 0.11127235700711681,
    "AR_100": 0.1594503731705514
  },
  "per_class": {
    "car": {
      "AP_50_95": 0.07599598979072344,
      "AP_50": 0.15940851949475537,
      "AP_75": 0.0637557816637614,
      "AR_1": 0.029073461500671405,
      "AR_10": 0.10371401434513475,
      "AR_100": 0.15148527822356142
    },
    "pedestrian": {
      "AP_50_95": 0.09813089333047183,
      "AP_50": 0.20959273107110954,
      "AP_75": 0.07358013297921266,
      "AR_1": 0.05679979117723831,
      "AR_10": 0.15972330984077265,
      "AR_100": 0.2329417906551814
    },
    "cyclist": {
      "AP_50_95": 0.0212034495830021,
      "AP_50": 0.05436519757495272,
      "AP_75": 0.014059448380269955,
      "AR_1": 0.03215189873417722,
      "AR_10": 0.07037974683544304,
      "AR_100": 0.0939240506329114
    }
  }
}