{
  "dataset": "/home/iat/Documents/Subie_Master/IS/_Shared/data/is/synthetic_yolo_splits",
  "split": "test_internal",
  "all": {
    "AP_50_95": 0.6199701374646159,
    "AP_50": 0.7804148042330091,
    "AP_75": 0.7470927548213453,
    "AR_1": 0.106112078339904,
    "AR_10": 0.6298292912882828,
    "AR_100": 0.7116520201230786
  },
  "per_class": {
    "hex": {
      "AP_50_95": 0.7622550785455341,
      "AP_50": 0.9375647602722664,
      "AP_75": 0.9232913672085519,
      "AR_1": 0.10711462450592883,
      "AR_10": 0.6861660079051384,
      "AR_100": 0.8043478260869567
    },
    "hex_socket": {
      "AP_50_95": 0.7889208934021036,
      "AP_50": 0.9485963660835768,
      "AP_75": 0.9374431857315616,
      "AR_1": 0.11451612903225805,
      "AR_10": 0.7247311827956989,
      "AR_100": 0.8204301075268818
    },
    "phillips": {
      "AP_50_95": 0.42353593259788114,
      "AP_50": 0.6021737027723476,
      "AP_75": 0.4999244823591051,
      "AR_1": 0.09392712550607288,
      "AR_10": 0.5546558704453441,
      "AR_100": 0.6692307692307693
    },
    "pozidriv": {
      "AP_50_95": 0.40651362904612737,
      "AP_50": 0.49715769592518383,
      "AP_75": 0.49715769592518383,
      "AR_1": 0.08465909090909092,
      "AR_10": 0.48238636363636367,
      "AR_100": 0.5329545454545455
    },
    "slotted": {
      "AP_50_95": 0.6070203959652102,
      "AP_50": 0.7592826628969348,
      "AP_75": 0.7463330006578339,
      "AR_1": 0.12594594594594596,
      "AR_10": 0.6491891891891892,
      "AR_100": 0.6681081081081082
    },
    "torx": {
      "AP_50_95": 0.7315748952308393,
      "AP_50": 0.9377136374477448,
      "AP_75": 0.878406797045836,
      "AR_1": 0.11050955414012739,
      "AR_10": 0.6818471337579617,
      "AR_100": 0.7748407643312102
    }
  }
}