{
  "dataset": "/home/iat/Documents/Subie_Master/_Shared/data/ad/synthia_yolo_splits",
  "split": "test",
  "all": {
    "AP_50_95": 0.3777346827112167,
    "AP_50": 0.5775270986700269,
    "AP_75": 0.386289277494114,
    "AR_1": 0.047524642112371764,
    "AR_10": 0.27100605175126735,
    "AR_100": 0.40716195204009714
  },
  "per_class": {
    "car": {
      "AP_50_95": 0.48499038210201856,
      "AP_50": 0.6809067413317419,
      "AP_75": 0.5051283833908989,
      "AR_1": 0.07928253902615527,
      "AR_10": 0.41388400702987693,
      "AR_100": 0.5160239842861574
    },
    "pedestrian": {
      "AP_50_95": 0.3117230997901718,
      "AP_50": 0.5215312800236634,
      "AP_75": 0.3052535851446026,
      "AR_1": 0.012961192003948668,
      "AR_10": 0.11220847729516288,
      "AR_100": 0.34165689782823294
    },
    "cyclist": {
      "AP_50_95": 0.3364905662414596,
      "AP_50": 0.5301432746546755,
      "AP_75": 0.34848586394684045,
      "AR_1": 0.05033019530701138,
      "AR_10": 0.2869256709287621,
      "AR_100": 0.3638049740059014
    }
  }
}