{
  "model": "/home/iat/Documents/Subie_Master/ADD/One-Stage/Mixed/project/runs_mix/MIX_30_70_yolov8m_seed1/weights/best.pt",
  "imgsz": 640,
  "device": "0",
  "datasets": [
    {
      "name": "internal",
      "paths": {
        "gt": "/home/iat/Documents/Subie_Master/ADD/One-Stage/External/project/metrics_kitti/mixed/MIX_30_70_yolov8m_seed1_kitti_eval/internal/gt_test_external.json",
        "preds": "/home/iat/Documents/Subie_Master/ADD/One-Stage/External/project/metrics_kitti/mixed/MIX_30_70_yolov8m_seed1_kitti_eval/internal/preds_test_external.json",
        "metrics": "/home/iat/Documents/Subie_Master/ADD/One-Stage/External/project/metrics_kitti/mixed/MIX_30_70_yolov8m_seed1_kitti_eval/internal/metrics.json"
      },
      "results": {
        "dataset": "/home/iat/Documents/Subie_Master/ADD/_Shared/data/ad/kitti_yolo_splits",
        "split": "test_external",
        "all": {
          "AP_50_95": 0.24128788764354445,
          "AP_50": 0.4614864534514298,
          "AP_75": 0.2300304935782502,
          "AR_1": 0.12028750440460464,
          "AR_10": 0.3111520410062967,
          "AR_100": 0.33548026164704214
        },
        "per_class": {
          "car": {
            "AP_50_95": 0.4665860969725753,
            "AP_50": 0.7822934409449438,
            "AP_75": 0.4958030831768059,
            "AR_1": 0.15327560806951085,
            "AR_10": 0.5224376897868375,
            "AR_100": 0.5527013619554434
          },
          "pedestrian": {
            "AP_50_95": 0.2455478668831892,
            "AP_50": 0.5347983790349187,
            "AP_75": 0.1936150212439652,
            "AR_1": 0.16530048842641748,
            "AR_10": 0.34174984073051606,
            "AR_100": 0.3837332767041835
          },
          "cyclist": {
            "AP_50_95": 0.011729699074868809,
            "AP_50": 0.0673675403744271,
            "AP_75": 0.0006733763139795788,
            "AR_1": 0.042286416717885675,
            "AR_10": 0.06926859250153657,
            "AR_100": 0.07000614628149968
          }
        }
      }
    }
  ]
}