{
  "dataset": "/home/iat/Documents/Subie_Master/_Shared/data/ad/bdd_yolo_splits",
  "split": "test_internal",
  "all": {
    "AP_50_95": 0.3693431952889873,
    "AP_50": 0.6480723210499808,
    "AP_75": 0.36193605402166423,
    "AR_1": 0.13483490433796227,
    "AR_10": 0.4009589132946675,
    "AR_100": 0.4660238258392682
  },
  "per_class": {
    "car": {
      "AP_50_95": 0.4853468782010941,
      "AP_50": 0.7843950680912383,
      "AP_75": 0.48597442056581525,
      "AR_1": 0.08070612124586515,
      "AR_10": 0.44526577801067707,
      "AR_100": 0.5461042151115187
    },
    "pedestrian": {
      "AP_50_95": 0.3343467913997168,
      "AP_50": 0.6520525196277869,
      "AP_75": 0.29736257853277703,
      "AR_1": 0.1286087183503002,
      "AR_10": 0.3728008352910467,
      "AR_100": 0.4451318193683112
    },
    "cyclist": {
      "AP_50_95": 0.2883359162661509,
      "AP_50": 0.5077693754309168,
      "AP_75": 0.3024711629664005,
      "AR_1": 0.1951898734177215,
      "AR_10": 0.38481012658227853,
      "AR_100": 0.4068354430379747
    }
  }
}