{
  "dataset": "/home/iat/Documents/Subie_Master/ADD/_Shared/data/ad/kitti_yolo_splits",
  "split": "test_external",
  "all": {
    "AP_50_95": 0.1651853088093681,
    "AP_50": 0.34933063274172926,
    "AP_75": 0.1406230693423357,
    "AR_1": 0.09657780750513972,
    "AR_10": 0.22911337922083103,
    "AR_100": 0.25578356005266295
  },
  "per_class": {
    "car": {
      "AP_50_95": 0.27826193336316846,
      "AP_50": 0.5234258383401458,
      "AP_75": 0.27247456426101424,
      "AR_1": 0.12239860497279095,
      "AR_10": 0.3337722858603169,
      "AR_100": 0.36955894290610625
    },
    "pedestrian": {
      "AP_50_95": 0.21066036277370448,
      "AP_50": 0.48688504658606635,
      "AP_75": 0.1493514080013683,
      "AR_1": 0.14686770014865153,
      "AR_10": 0.3085156084094287,
      "AR_100": 0.34954342747929495
    },
    "cyclist": {
      "AP_50_95": 0.006633630291231378,
      "AP_50": 0.03768101329897559,
      "AP_75": 4.323576462449738e-05,
      "AR_1": 0.020467117393976643,
      "AR_10": 0.045052243392747396,
      "AR_100": 0.04824830977258758
    }
  }
}