{
  "dataset": "/home/iat/Documents/Subie_Master/IS/_Shared/data/is/real_yolo_splits",
  "split": "test_internal",
  "all": {
    "AP_50_95": 0.05506827222401924,
    "AP_50": 0.07541205900971364,
    "AP_75": 0.06087937630855416,
    "AR_1": 0.024150943396226414,
    "AR_10": 0.06566037735849056,
    "AR_100": 0.06962264150943395
  },
  "per_class": {
    "hex": {
      "AP_50_95": -1.0,
      "AP_50": -1.0,
      "AP_75": -1.0,
      "AR_1": -1.0,
      "AR_10": -1.0,
      "AR_100": -1.0
    },
    "hex_socket": {
      "AP_50_95": -1.0,
      "AP_50": -1.0,
      "AP_75": -1.0,
      "AR_1": -1.0,
      "AR_10": -1.0,
      "AR_100": -1.0
    },
    "phillips": {
      "AP_50_95": 0.11013654444803848,
      "AP_50": 0.15082411801942727,
      "AP_75": 0.12175875261710832,
      "AR_1": 0.04830188679245283,
      "AR_10": 0.13132075471698113,
      "AR_100": 0.1392452830188679
    },
    "pozidriv": {
      "AP_50_95": -1.0,
      "AP_50": -1.0,
      "AP_75": -1.0,
      "AR_1": -1.0,
      "AR_10": -1.0,
      "AR_100": -1.0
    },
    "slotted": {
      "AP_50_95": 0.0,
      "AP_50": 0.0,
      "AP_75": 0.0,
      "AR_1": 0.0,
      "AR_10": 0.0,
      "AR_100": 0.0
    },
    "torx": {
      "AP_50_95": -1.0,
      "AP_50": -1.0,
      "AP_75": -1.0,
      "AR_1": -1.0,
      "AR_10": -1.0,
      "AR_100": -1.0
    }
  }
}