{
  "dataset": "/home/iat/Documents/Subie_Master/IS/_Shared/data/is/real_yolo_splits",
  "split": "test_internal",
  "all": {
    "AP_50_95": 0.058119819900731985,
    "AP_50": 0.07679664295580166,
    "AP_75": 0.06944577909975135,
    "AR_1": 0.027735849056603774,
    "AR_10": 0.07113207547169811,
    "AR_100": 0.07452830188679246
  },
  "per_class": {
    "hex": {
      "AP_50_95": -1.0,
      "AP_50": -1.0,
      "AP_75": -1.0,
      "AR_1": -1.0,
      "AR_10": -1.0,
      "AR_100": -1.0
    },
    "hex_socket": {
      "AP_50_95": -1.0,
      "AP_50": -1.0,
      "AP_75": -1.0,
      "AR_1": -1.0,
      "AR_10": -1.0,
      "AR_100": -1.0
    },
    "phillips": {
      "AP_50_95": 0.11623963980146397,
      "AP_50": 0.1535932859116033,
      "AP_75": 0.1388915581995027,
      "AR_1": 0.05547169811320755,
      "AR_10": 0.14226415094339623,
      "AR_100": 0.1490566037735849
    },
    "pozidriv": {
      "AP_50_95": -1.0,
      "AP_50": -1.0,
      "AP_75": -1.0,
      "AR_1": -1.0,
      "AR_10": -1.0,
      "AR_100": -1.0
    },
    "slotted": {
      "AP_50_95": 0.0,
      "AP_50": 0.0,
      "AP_75": 0.0,
      "AR_1": 0.0,
      "AR_10": 0.0,
      "AR_100": 0.0
    },
    "torx": {
      "AP_50_95": -1.0,
      "AP_50": -1.0,
      "AP_75": -1.0,
      "AR_1": -1.0,
      "AR_10": -1.0,
      "AR_100": -1.0
    }
  }
}