{
  "dataset": "/home/iat/Documents/Subie_Master/IS/_Shared/data/is/synthetic_yolo_splits",
  "split": "test_internal",
  "all": {
    "AP_50_95": 0.40714076566367985,
    "AP_50": 0.5485652865095926,
    "AP_75": 0.5003171780315229,
    "AR_1": 0.09811093376729046,
    "AR_10": 0.49183972165758505,
    "AR_100": 0.5339736214583408
  },
  "per_class": {
    "hex": {
      "AP_50_95": 0.5832387090877936,
      "AP_50": 0.8117390342413695,
      "AP_75": 0.732921355017825,
      "AR_1": 0.09249011857707509,
      "AR_10": 0.575098814229249,
      "AR_100": 0.642292490118577
    },
    "hex_socket": {
      "AP_50_95": 0.6222542214746827,
      "AP_50": 0.8054523072813651,
      "AP_75": 0.7520153277502818,
      "AR_1": 0.1032258064516129,
      "AR_10": 0.5946236559139786,
      "AR_100": 0.6682795698924732
    },
    "phillips": {
      "AP_50_95": 0.18466834252696676,
      "AP_50": 0.28453844304894826,
      "AP_75": 0.22037765311549046,
      "AR_1": 0.08947368421052632,
      "AR_10": 0.3712550607287449,
      "AR_100": 0.4356275303643725
    },
    "pozidriv": {
      "AP_50_95": 0.1737224257749975,
      "AP_50": 0.22326283861268695,
      "AP_75": 0.21612892929834868,
      "AR_1": 0.09204545454545453,
      "AR_10": 0.34318181818181814,
      "AR_100": 0.34318181818181814
    },
    "slotted": {
      "AP_50_95": 0.49690281415055076,
      "AP_50": 0.6590142862512174,
      "AP_75": 0.6069787039403217,
      "AR_1": 0.12162162162162163,
      "AR_10": 0.6,
      "AR_100": 0.6189189189189189
    },
    "torx": {
      "AP_50_95": 0.38205808096708793,
      "AP_50": 0.5073848096219679,
      "AP_75": 0.47348109906686925,
      "AR_1": 0.08980891719745224,
      "AR_10": 0.46687898089171975,
      "AR_100": 0.49554140127388535
    }
  }
}