{
  "dataset": "/home/iat/Documents/Subie_Master/_Shared/data/ad/synthia_yolo_splits",
  "split": "test",
  "all": {
    "AP_50_95": 0.37795276346524775,
    "AP_50": 0.578150656093511,
    "AP_75": 0.38803687090485733,
    "AR_1": 0.04744759754538731,
    "AR_10": 0.27076778882626346,
    "AR_100": 0.40747605506274914
  },
  "per_class": {
    "car": {
      "AP_50_95": 0.48421811955642224,
      "AP_50": 0.6823344478508564,
      "AP_75": 0.5061461779463682,
      "AR_1": 0.07922051069988628,
      "AR_10": 0.4133981184741032,
      "AR_100": 0.515196939935904
    },
    "pedestrian": {
      "AP_50_95": 0.3122525890579252,
      "AP_50": 0.5219029751237912,
      "AP_75": 0.30880996303512215,
      "AR_1": 0.01306607847976308,
      "AR_10": 0.11235192497532083,
      "AR_100": 0.342449716189536
    },
    "cyclist": {
      "AP_50_95": 0.3373875817813956,
      "AP_50": 0.5302145453058852,
      "AP_75": 0.3491544717330816,
      "AR_1": 0.05005620345651257,
      "AR_10": 0.2865533230293663,
      "AR_100": 0.3647815090628074
    }
  }
}