{
  "dataset": "/home/iat/Documents/Subie_Master/IS/_Shared/data/is/real_yolo_splits",
  "split": "test_internal",
  "all": {
    "AP_50_95": 0.011716488040225981,
    "AP_50": 0.036083776316883594,
    "AP_75": 0.00037438675935034984,
    "AR_1": 0.009622641509433963,
    "AR_10": 0.02490566037735849,
    "AR_100": 0.026415094339622643
  },
  "per_class": {
    "hex": {
      "AP_50_95": -1.0,
      "AP_50": -1.0,
      "AP_75": -1.0,
      "AR_1": -1.0,
      "AR_10": -1.0,
      "AR_100": -1.0
    },
    "hex_socket": {
      "AP_50_95": -1.0,
      "AP_50": -1.0,
      "AP_75": -1.0,
      "AR_1": -1.0,
      "AR_10": -1.0,
      "AR_100": -1.0
    },
    "phillips": {
      "AP_50_95": 0.023432976080451962,
      "AP_50": 0.0721675526337672,
      "AP_75": 0.0007487735187006997,
      "AR_1": 0.019245283018867923,
      "AR_10": 0.04981132075471698,
      "AR_100": 0.052830188679245285
    },
    "pozidriv": {
      "AP_50_95": -1.0,
      "AP_50": -1.0,
      "AP_75": -1.0,
      "AR_1": -1.0,
      "AR_10": -1.0,
      "AR_100": -1.0
    },
    "slotted": {
      "AP_50_95": 0.0,
      "AP_50": 0.0,
      "AP_75": 0.0,
      "AR_1": 0.0,
      "AR_10": 0.0,
      "AR_100": 0.0
    },
    "torx": {
      "AP_50_95": -1.0,
      "AP_50": -1.0,
      "AP_75": -1.0,
      "AR_1": -1.0,
      "AR_10": -1.0,
      "AR_100": -1.0
    }
  }
}