{
  "dataset": "/home/iat/Documents/Subie_Master/_Shared/data/ad/synthia_yolo_splits",
  "split": "test",
  "all": {
    "AP_50_95": 0.37301202056431143,
    "AP_50": 0.5715784024988902,
    "AP_75": 0.382345496561427,
    "AR_1": 0.04740757101182716,
    "AR_10": 0.26917295166964494,
    "AR_100": 0.4030045376794363
  },
  "per_class": {
    "car": {
      "AP_50_95": 0.48461167526393917,
      "AP_50": 0.6784829608636046,
      "AP_75": 0.5078331514609732,
      "AR_1": 0.07919983459112995,
      "AR_10": 0.41327406182156523,
      "AR_100": 0.5158999276336194
    },
    "pedestrian": {
      "AP_50_95": 0.3050136003423483,
      "AP_50": 0.5162543863323167,
      "AP_75": 0.2994445336742623,
      "AR_1": 0.012959649555774926,
      "AR_10": 0.11128146594274431,
      "AR_100": 0.3357369817374136
    },
    "cyclist": {
      "AP_50_95": 0.3294107860866467,
      "AP_50": 0.5199978603007496,
      "AP_75": 0.3397588045490457,
      "AR_1": 0.05006322888857665,
      "AR_10": 0.28296332724462553,
      "AR_100": 0.3573767036672756
    }
  }
}